archive	size_bytes	files_in_zip	present	renamed	missing	note
4.12 Assets/Silence in Heaven Finished/Since in Heaven.zip	1789842864	74	0	0	74	1. In the Beginning was the Word.wav
4.12 Assets/cycle_b_opponent_portraits.zip	45227184	23	0	0	23	home/ubuntu/cycle_b_assets/art/opponents/young_iron_lion/young_iron_lion-portrait.png
4.12 Assets/dischordian_generated_art_pack_final_34.zip	243050768	34	0	0	34	01_empty_quest_log.png
4.12 Assets/dischordian_saga_aaa_assets.zip	75574981	13	1	0	12	dischordian_saga_aaa_assets/arena_default_background.png
4.12 Assets/scifi_game_art_assets.zip	21271498	4	0	0	4	casino_symbols_sprite_sheet.png
4.12 Assets/the_dischordian_saga_aaa_game_assets.zip	493704023	77	38	0	39	game_assets/art/mechronis/professors/professor_kanevas_original.png
AAA Final/Agent_Zero_Corrected.zip	6595285	4	0	0	4	agent_zero_bust_corrected.png
AAA Final/Antiquarian_Viseme_Sheet.zip	6515055	2	0	0	2	antiquarian_viseme_sheet.png
AAA Final/Ark1047_AAA_Assets.zip	30327598	5	0	0	5	station-dock.png
AAA Final/Art Archive 5.10.26.zip	4086197365	26	0	0	26	01_fighter_stages.zip
AAA Final/Dischordia Songs.zip	156470443	62	0	0	62	Dischordia Songs/CLASSIFIED FREQUENCY (2).mp3
AAA Final/DischordianSaga_GameAssets_Complete.zip	241655316	38	8	28	2	ASSET_PRODUCTION_PLAN.md
AAA Final/DischordianSaga_GuildCutscenes_Complete.zip	810607048	177	175	0	2	PRODUCTION_PLAN.md
AAA Final/Elara_Viseme_Sheet.zip	6556889	2	0	0	2	elara_viseme_sheet.png
AAA Final/Locke_Viseme_Sheet.zip	3709653	2	0	0	2	locke_viseme_sheet.png
AAA Final/Minnie_Sprite_Sheets.zip	1610491	3	3	0	0	
AAA Final/NEW_ROOMS_82.zip	514458244	82	82	0	0	
AAA Final/New_Sectors_3.zip	21026539	6	3	3	0	
AAA Final/Source_Viseme_Sheet.zip	5278908	2	0	0	2	source_viseme_sheet.png
AAA Final/Trade_Empire_Art_Assets.zip	401600713	140	68	68	4	trade_empire/wonders/wonder_dreamers_shield.png
AAA Final/actx_aaa_ui_assets.zip	16198903	25	0	0	25	final/backgrounds/p10_act_four_cell.webp
AAA Final/corrected_assets_batch.zip	9499371	8	0	0	8	corrected_assets/warlord_bust_corrected.png
AAA Final/corrected_assets_batch2.zip	13656208	10	0	0	10	corrected_assets_batch2/viseme_engineer.png
AAA Final/deliverables_room_rewrites.zip	33931532	6	5	0	1	deliverables_room_prompt_rewrites.md
AAA Final/dischordian_acts2_7_assets.zip	994567735	193	103	0	90	character_canon_map.md
AAA Final/dischordian_art_assets.zip	506954555	78	45	1	32	art/cards/thought_virus/viral_tendril.png
AAA Final/dischordian_assets_final.zip	1468975430	255	0	0	255	protagonists/elara_idle_hologram.png
AAA Final/dischordian_batch3_assets.zip	32037707	8	8	0	0	
AAA Final/dischordian_new_suit_sets_mourners_first_chassis.tar.gz	709658920	0	0	0	0	NON-ZIP-archive (skipped)
AAA Final/dischordian_room_state_art (2).zip	51377038	8	0	8	0	
AAA Final/dischordian_room_state_art.zip	51377038	8	0	8	0	
AAA Final/final_22_rooms.zip	178018391	29	29	0	0	
AAA Final/inception_ark_room_tiers.zip	5012036	12	6	6	0	
AAA Final/last_words_only.zip	21392055	41	1	0	40	last_words_package/last_words_1_1.html
AAA Final/last_words_tease_afro_remake.zip	30436905	6	0	0	6	last_words_tease_afro_remake/last_words_tease_afro_remake_slide_1.png
AAA Final/mega_batch_101_assets.zip	342151914	151	125	0	26	classmates/aria-wen_original.png
AAA Final/prelude_asset_build_no_vo.zip	205315425	118	38	10	70	home/ubuntu/prelude_asset_build/manifests/asset_prompt_manifest.json
AAA Final/prelude_rooms_missing_9.zip	59741969	18	18	0	0	
AAA Final/prelude_vfx_overlays_webm.zip	2024629	15	15	0	0	
AAA Final/rooms_complete_library.zip	3378940259	561	561	0	0	
AAA Final/the_dischordian_aaa_assets.zip	135993909	36	12	0	24	game_assets/title/title_master_keyframe.png
AAA Final/unified_act1_merged_remake.zip	512628862	90	88	0	2	home/ubuntu/unified_act1_asset_build/unified_act1_rebuild_manifest.md
AAA Final/viseme_hyper_shadow_tongue.zip	3229190	3	1	2	0	
AAA Final/viseme_sheets_batch_19.zip	74067501	38	0	0	38	viseme_sheets/viseme_meme.png
Album Slide Show/AOP_Part1_T01-T05.zip	671344032	101	5	86	10	T01/T01_20.png
Album Slide Show/AOP_Part2_T06-T10.zip	612408907	90	5	77	8	T06/T06_19.png
Album Slide Show/AOP_Part3_T11-T15.zip	616091498	90	1	77	12	T13/T13_19.png
Album Slide Show/AOP_Part4_T16-T20.zip	621852447	95	0	67	28	T16/T16_11.png
Album Slide Show/Album_1_Age_of_Dischordian_Logic.zip	3317705828	491	11	479	1	01_age_of_dischordian_logic/ALBUM_1_MANIFEST.md
Album Slide Show/Album_2_Age_of_Privacy.zip	2224085622	337	11	288	38	02_age_of_privacy/T01/T01_22.png
Album Slide Show/BOOK_OF_DANIEL_247_COMPLETE.zip	3587018345	568	11	344	213	03_book_of_daniel/T01/T01_20.png
Album Slide Show/Dischordian Logic 1-9.zip	544062656	18	0	0	18	1. The Enigma's Lament (Remastered) (HD).wav
Album Slide Show/SilenceInHeaven_Album6_Complete.zip	3724288548	601	0	593	8	06_silence_in_heaven/SIH_TRACK_SPECS.md
Album Slide Show/WestByGod_Album5_Complete.zip	1244269230	203	10	174	19	05_west_by_god/MASTER_BIBLE_NOTES.md
Book_of_Daniel_asset_set.zip	1697242563	349	0	0	349	home/ubuntu/bod_assets/frames/bod_t01_f01.png
CADES_FPS_Assets.zip	190132474	81	81	0	0	
Collectors Arena/seedance2_game_assets.zip	143995582	130	0	0	130	seedance2_final/arenas/arena01_panopticon_corridor.jpg
Dischordian_Saga_Prelude_Act1_Assets.zip	754336223	206	206	0	0	
Music/Saga Theme Music.zip	22776134	8	0	0	8	Saga Theme 1.mp3
Music/Silence in Heaven Complete.zip	1789842864	74	0	0	74	1. In the Beginning was the Word.wav
NEW_ART_1_characters_cards_sheets.zip	1122596111	280	280	0	0	
NEW_ART_2_destinations_overlays_sprites_ui.zip	2522079440	431	431	0	0	
NEW_ART_3_fight_portraits.zip	5923650579	1127	1127	0	0	
NanoBanna2_Art_Assets_112.zip	527223371	112	103	0	9	nanobanna2_assets/soul_stones/SS-VIOLET.png
Silence_in_Heaven_asset_set.zip	607613420	94	0	37	57	sih_assets/backgrounds/sih_bg_agora_original.png
Videos/CHESS_CUTSCENES_25.zip	350872199	75	75	0	0	
Videos/FIGHT_INTROS_COMPLETE.zip	1121155894	42	42	0	0	
Videos/GUILD_SIGNATURES.zip	459220739	24	24	0	0	
Videos/Music & Stories.zip	633662281	26	0	0	26	Baron & The Heart of Time (S2.13).mp4
Videos/NEW_CUTSCENES_67.zip	572435809	79	79	0	0	
Videos/NEW_VIDEOS_200.zip	1777661410	200	174	0	26	videos/dlc_mystery/y1q1_first_charter/shot_5.mp4
Videos/ORPHAN_POSTERS_VEO_3.zip	23496627	3	3	0	0	
Videos/OTHER_CUTSCENES.zip	364778063	47	45	0	2	prestige/kf1.png
Videos/Veo Vid Archive 2.zip	90344893	36	0	0	36	clip_01.mp4
Videos/Veo Vid SIH 1.zip	189599430	52	0	0	52	clip_01 (1).mp4
Videos/Welcome to Celebration & Mechronis.zip	735404480	4	0	0	4	Welcome to Celebration Final.mp4
Videos/awakening_cinematics.zip	134689626	51	51	0	0	
Videos/dischordian_cutscene_assets.zip	277188121	48	43	0	5	cutscenes/fallbacks/cs1_awakening_fallback.png
aaa_assets_complete.zip	1122576756	195	0	194	1	asset_summary.md
card art/dischordian_card_art_complete_406_bundle.zip	6469775864	957	0	0	957	dischordian_card_renders/art_s1_char_007.png
casino_art_bible_assets.zip	762838829	115	65	0	50	casino_art/section2_game_tables/GT-001_Tournament_Bracket_original.png
cinematics_and_vfx.zip	464848997	84	27	57	0	
degen_remade_assets.zip	75255118	11	11	0	0	
dischordian_aaa_game_design_assets.zip	344393209	54	0	0	54	generated_assets/art/ui/hud/panel_accent.png
dischordian_all_18_suits.zip	6430727242	1080	1080	0	0	
dischordian_saga_sprite_sheets.zip	444041286	71	71	0	0	
dmc_game_assets.zip	134482079	31	31	0	0	
lore_gallery_assets.zip	13479985	17	0	0	17	lore_gallery_final/era_backgrounds/lore_era_foundation_1920x1080.jpg
nanobanna2_game_assets.zip	106655348	75	15	0	60	nanobanna2_final/enemies_96/terminus_enemy_undead-grub_96.png
nilmorg_dialogue_portraits.zip	8314250	5	5	0	0	
optional_components_assets.zip	376118618	59	0	0	59	section1_empty_states/EMPTY-04_Lore_Journal_Blank_Pages.png
oracle-deck-aaa-assets.zip	326976796	46	0	0	46	art/oracle-deck/card-00-the-prisoner.png
page_backgrounds_assets.zip	6093815	12	12	0	0	
player_cabin_art_assets.zip	256159916	43	43	0	0	
tcg_card_art_651.zip	4389835723	651	0	651	0	
