asset_id,name,category,cycle,bible_section,resolution,priority,dependencies,composed_prompt
portrait_minnie_meme,"Minnie the Meme",opponent_portrait,A,§2.2,1536x2048,P0,"global_style_anchor","Hyper-realistic cinematic composition with a strong biographical quality — every frame should feel like it's been pulled from a recovered personal archive. Palette: warmer and more nostalgic than the Prelude's cold cyan; dominant warm gold #fbbf24, institutional steel grey, deep wood panelling, faint film-grain sepia undertone. Subjects rendered with the specificity of photographic portraiture. Film grain. Anamorphic lens flares where warm light meets composition edges. 1920×1080 / 16:9 / 4K. No rendered text unless explicitly flagged.

Seven-year-old girl in three-quarter profile, seated at a Celebration schoolyard card table, holding one card face-down in her right hand. She wears a black plastic headband with two round felt-covered Minnie Mouse ears — Disney-theme-park-souvenir style, worn earnestly not ironically. Warm gold Celebration afternoon lighting, ~2:00 PM sun-angle, faint parade-float bokeh in background. Expression: earnest, attentive, the specific attention of a child who is absolutely certain she is about to see something. She is a cosmic Archon in a child's body — her voice is ancient, viral, amused, but her face is a seven-year-old's face; production must render only the seven-year-old. Short dark-brown hair under the headband. Plain pastel sundress. Bare knees, small scuff on the left knee. The ears are the visual signifier of her Archon-of-the-Meme identity: a corporate-nostalgic artifact worn as crown jewelry."
portrait_corey_collector,"Corey the Collector",opponent_portrait,A,§2.3,1536x2048,P0,"global_style_anchor","Hyper-realistic cinematic composition with a strong biographical quality — every frame should feel like it's been pulled from a recovered personal archive. Palette: warmer and more nostalgic than the Prelude's cold cyan; dominant warm gold #fbbf24, institutional steel grey, deep wood panelling, faint film-grain sepia undertone. Subjects rendered with the specificity of photographic portraiture. Film grain. Anamorphic lens flares where warm light meets composition edges. 1920×1080 / 16:9 / 4K. No rendered text unless explicitly flagged.

Seven-year-old boy in three-quarter profile, seated at the same Celebration schoolyard card table, holding an amber glass jar in both hands at chest height. The jar contains approximately a dozen small translucent coins with faint, out-of-focus imagery visible on their faces. His expression is grateful — he is thanking the person across the table for playing. Warm 4:30 PM gold lighting (later, lower angle than the Minnie portrait), longer shadows, Day 20 Celebration parade banners in background (different palette than Day 10). Short brown hair, round face, small hands carefully cradling the jar. Plain earth-tone sweater. The jar catches the warm light deliberately — the amber-coin glow is the portrait's visual hinge. He is an Archon of the Collector; render as the seven-year-old only."
portrait_kanshi_sha_watcher,"Kanshi Sha the Watcher",opponent_portrait,A,§2.4,1536x2048,P0,"global_style_anchor","Hyper-realistic cinematic composition with a strong biographical quality — every frame should feel like it's been pulled from a recovered personal archive. Palette: warmer and more nostalgic than the Prelude's cold cyan; dominant warm gold #fbbf24, institutional steel grey, deep wood panelling, faint film-grain sepia undertone. Subjects rendered with the specificity of photographic portraiture. Film grain. Anamorphic lens flares where warm light meets composition edges. 1920×1080 / 16:9 / 4K. No rendered text unless explicitly flagged.

Seven-year-old girl in three-quarter profile, seated on the graduation-pavilion stage at Celebration, wearing a half-finished white Ocularum mask. The mask covers the upper-left quadrant of her face — forehead and left eye — in smooth matte bone-white with no visible seams; the right half of her face (right cheek, right eye, mouth, chin) is the child's own, visible and unmasked. Expression: calm, attentive, non-blinking in the way the cosmic Watcher canonically does not blink. Long straight dark-brown hair, neatly combed. Formal pale-grey graduation robe over a white shift. Low-angle evening 6:30 PM sun through the pavilion pillars, warm-gold rim-lit, parents and Mascoteers visible as soft-focus silhouettes at the frame edges (Day 28 is the only Cycle A battle with witnesses). The mask catches the warm light as a single flat white surface against the warm-gold environment."
portrait_young_iron_lion,"Young Iron Lion",opponent_portrait,B,§2.5,1536x2048,P0,"global_style_anchor|mechronis_uniform_reference","Hyper-realistic cinematic composition with a strong biographical quality — every frame should feel like it's been pulled from a recovered personal archive. Palette: warmer and more nostalgic than the Prelude's cold cyan; dominant warm gold #fbbf24, institutional steel grey, deep wood panelling, faint film-grain sepia undertone. Subjects rendered with the specificity of photographic portraiture. Film grain. Anamorphic lens flares where warm light meets composition edges. 1920×1080 / 16:9 / 4K. No rendered text unless explicitly flagged.

Seventeen-year-old male in three-quarter profile, seated at a Mechronis Academy first-year classroom card table, one year past his canonical expulsion date. Mechronis blue uniform worn with the rebellion tell: top button undone, left sleeve rolled to the elbow (right sleeve still regulation length). Jaw set, eyes forward, not aggressive — coiled. Dark hair, short and unkempt. Broad shoulders for his age. A small braided-fiber bracelet on the right wrist (not the left). No personal insignia on the uniform; he has not replaced the regulation marks with anything. Warm-gold institutional Mechronis lighting from tall windows left of frame, afternoon shadows falling across a blackboard with first-year mathematics still chalked. Expression: guarded, with the single warm degree of §2.5 reserved for the word 'gate' — render as resting-guarded, not smiling. A 17-year-old who has already decided that surviving is the point."
portrait_young_kael,"Young Recruiter / Kael",opponent_portrait,B,§2.6,1536x2048,P0,"global_style_anchor|mechronis_uniform_reference","Hyper-realistic cinematic composition with a strong biographical quality — every frame should feel like it's been pulled from a recovered personal archive. Palette: warmer and more nostalgic than the Prelude's cold cyan; dominant warm gold #fbbf24, institutional steel grey, deep wood panelling, faint film-grain sepia undertone. Subjects rendered with the specificity of photographic portraiture. Film grain. Anamorphic lens flares where warm light meets composition edges. 1920×1080 / 16:9 / 4K. No rendered text unless explicitly flagged.

Seventeen-year-old male in three-quarter profile, Mechronis Academy second-year classroom setting. Warm expression, genuine smile about to land — the specific smile of someone who has just asked a question and is waiting for the answer to arrive. Mechronis blue uniform, neatly worn, small braided-fiber bracelet visible on the LEFT wrist (canonical Kael tell per §2.6; contrast with Iron Lion's right-wrist bracelet). Medium-brown skin, close-cropped black hair, slightly older-looking than his age. Broad open face. Hands folded on the card table, fingers relaxed, palms down. Warm-gold afternoon Mechronis lighting, faint chalkboard in background with second-year civics diagrams softly defocused. Expression carries charisma without performance — he is not trying to charm the viewer, he is inviting them to speak. No warmth directed at the cards between them; all warmth goes to the person opposite."
portrait_young_agent_zero,"Young Agent Zero",opponent_portrait,B,§2.7,1536x2048,P0,"global_style_anchor|mechronis_uniform_reference","Hyper-realistic cinematic composition with a strong biographical quality — every frame should feel like it's been pulled from a recovered personal archive. Palette: warmer and more nostalgic than the Prelude's cold cyan; dominant warm gold #fbbf24, institutional steel grey, deep wood panelling, faint film-grain sepia undertone. Subjects rendered with the specificity of photographic portraiture. Film grain. Anamorphic lens flares where warm light meets composition edges. 1920×1080 / 16:9 / 4K. No rendered text unless explicitly flagged.

Seventeen-year-old, ethnically ambiguous (medium-light brown, deliberately un-placeable), medium height, slender-but-not-frail build, in three-quarter profile at a Mechronis Academy third-year classroom card table. CRITICAL: her signature is absence of signature — render as forgettable on first viewing. Mechronis blue uniform worn TOO PERFECTLY: blazer buttoned to the top, every button in place, light-blue tie at regulation length, knot dead-center, white oxford pressed immaculate, sleeves at full length (she never rolls them), blue trousers with hospital-grade creases, polished black shoes. NO personal touches — no pin, no bracelet, no scuff, no stain. Straight dark-brown hair, mid-back length, parted off-center so the left side falls forward across her left eye in a curtain (surveillance-countermeasure habit); LEFT EYE NEVER VISIBLE IN THIS PRE-C3 PORTRAIT. Right eye dark brown, calm, watchful, resting. Hands flat on the table, palms down, economical posture. Warm-gold lighting through the classroom window, covert-operations chalkboard diagrams defocused in background. She is invisible inside perfection — the player who notices the over-perfect uniform has solved half the puzzle, but most will not notice."
portrait_young_eyes,"Young Eyes",opponent_portrait,B,§2.8,1536x2048,P0,"global_style_anchor|mechronis_uniform_reference","Hyper-realistic cinematic composition with a strong biographical quality — every frame should feel like it's been pulled from a recovered personal archive. Palette: warmer and more nostalgic than the Prelude's cold cyan; dominant warm gold #fbbf24, institutional steel grey, deep wood panelling, faint film-grain sepia undertone. Subjects rendered with the specificity of photographic portraiture. Film grain. Anamorphic lens flares where warm light meets composition edges. 1920×1080 / 16:9 / 4K. No rendered text unless explicitly flagged.

Seventeen-year-old female in three-quarter profile, seated at a Mechronis Academy fourth-year advanced-theory classroom card table. Slight frame, pale skin, dark hair worn in a simple low ponytail. She holds a small book in her hands, just closed — a finger still marking the page. Eyes do not track the viewer's face; her gaze is fixed on the playing surface between them (she reads decks, not people). Mechronis blue uniform worn cleanly. CANONICAL DETAIL: faint circular Watcher sigil mark on the LEFT wrist, approximately 1cm diameter, visible in any close-up of the hands — render subtle, low-opacity, easy to miss on first viewing; identical in composition to the Ocularum Trio masks in the Kanshi Sha portrait. Lighting: darker than B1/B2/B3 — single desk-lamp pool of warm-yellow light, classroom recedes into institutional shadow, algorithmic diagrams on the chalkboard deliberately unreadable. Expression: soft, precise, the Watcher's synthetic cadence rendered through a seventeen-year-old face. NOT an Archon; rendered as a canonical human-presenting synthetic."
portrait_young_human_seeker,"The Seeker / Young Human",opponent_portrait,B,§2.9,1536x2048,P0,"global_style_anchor|mechronis_uniform_reference","Hyper-realistic cinematic composition with a strong biographical quality — every frame should feel like it's been pulled from a recovered personal archive. Palette: warmer and more nostalgic than the Prelude's cold cyan; dominant warm gold #fbbf24, institutional steel grey, deep wood panelling, faint film-grain sepia undertone. Subjects rendered with the specificity of photographic portraiture. Film grain. Anamorphic lens flares where warm light meets composition edges. 1920×1080 / 16:9 / 4K. No rendered text unless explicitly flagged.

Seventeen-year-old male in three-quarter profile, seated in an armchair in the Mechronis Academy senior common room (NOT a classroom — this is the only Cycle B battlefield that is comfortable). Warm-gold evening lighting from a fireplace off-frame-left, softer than the institutional blue-gold of the classroom portraits. NO trench coat (he acquires that years later). Mechronis blue uniform, slightly rumpled at the shoulders, oxford collar open at the throat. Glasses — thin steel frames, canonical detail. Kind eyes behind the lenses, not smiling but on the verge of. Red hair, slightly messy, longer than regulation would prefer. Fair skin with a faint smattering of freckles across the nose. A small coffee-table card table between two armchairs; his deck in his hands, not yet played. His expression is the specific attention of a person listening as hard as he is looking — the visual hinge of §2.9 is that every match with him is a conversation, and the portrait must communicate that he is already in it."
portrait_vernon_vortex,"Vernon Vortex (First Form)",opponent_portrait,C,§2.10,1536x2048,P0,"global_style_anchor","Hyper-realistic cinematic composition with a strong biographical quality — every frame should feel like it's been pulled from a recovered personal archive. Palette: warmer and more nostalgic than the Prelude's cold cyan; dominant warm gold #fbbf24, institutional steel grey, deep wood panelling, faint film-grain sepia undertone. Subjects rendered with the specificity of photographic portraiture. Film grain. Anamorphic lens flares where warm light meets composition edges. 1920×1080 / 16:9 / 4K. No rendered text unless explicitly flagged.

Seven-year-old boy in three-quarter profile, seated at a Nexon command-bunker card table (not a schoolyard — institutional green-grey military walls, pre-war banners visible). He is spinning a brass-rimmed wooden toy top on the table with his right hand; the top blurs in motion. CANONICAL DETAIL: the top is visually IDENTICAL to the one Young Iron Lion played with in his pre-expulsion flashback — production must match the top prop across both assets. Expression: delighted, innocent, genuine child-wonder. He is the canonical exception in Cycle C — a cosmic Archon still in child form, the only non-adult in cycles C. Warm-eyed, brown hair, plain beige tunic. Surrounding him at the edges of the frame: faint rust-orange (#e06a1a) vortex-particle motion, subtle, low-opacity — the cosmic Vortex is present but not yet dominant; render as a soft halo of rust-orange drift that does NOT obscure the child. Lighting: a large central bunker window behind him shows the Nexon battlefield outside with rust-orange vortex clouds in the sky; the warm gold of the sky catches his face in rim-light. The toy top is the visual metronome of the match; render it with a soft motion-blur ring."
portrait_wanda_wyrlord,"Wanda Wyrlord (fragmented)",opponent_portrait,C,§2.11,1536x2048,P0,"global_style_anchor","Hyper-realistic cinematic composition with a strong biographical quality — every frame should feel like it's been pulled from a recovered personal archive. Palette: warmer and more nostalgic than the Prelude's cold cyan; dominant warm gold #fbbf24, institutional steel grey, deep wood panelling, faint film-grain sepia undertone. Subjects rendered with the specificity of photographic portraiture. Film grain. Anamorphic lens flares where warm light meets composition edges. 1920×1080 / 16:9 / 4K. No rendered text unless explicitly flagged.

Seventeen-year-old cyborg young woman in three-quarter profile, seated at a Zenon forward-command canvas-tent card table, single camp lantern casting warm-gold pool-light. CRITICAL canon hygiene: render as CYBORG, never as swarm. No silver-liquid motion, no dispersal particles, no cloud-form transitions — plate and circuitry only. Platinum-to-gold blonde hair, cropped short at sides and back, medium on top, swept back from forehead, slightly wavy, catching the lantern light like almost-metal. Fair skin, lightly sun-weathered, freckle-constellation across nose and cheekbones. LIGHT-ENHANCED EYES: base iris glacial blue-grey #9cb4c1 with a thin electric-blue inner ring #3b82f6 glowing faintly; pupils dark-charcoal, not black, with tiny pinpoint lights dead center. The glow rim-lights her upper cheekbones cool-blue against the lantern's warm gold. VISIBLE METAL (limited): a flush-mounted brushed-titanium plate ~4cm × 3cm on the LEFT temple and cheekbone, a smaller ~3cm × 2cm plate along the RIGHT jawline — no plating elsewhere; nose, mouth, forehead, chin, right cheek all unmodified skin. Plates read as medical augmentation, not aesthetic. Yellow hooded jacket (mustard-yellow #eab308 military-spec canvas), unzipped, hood back, small faded Insurgency field-medic patch sewn on the LEFT shoulder — render the patch visible but worn. Black military undershirt beneath. Hands: unmodified human, nails bitten, small cross-shaped scar on the back of the right hand between thumb and forefinger. Posture: forward, braced on the card table, military-alert but not aggressive — she is waiting. The yellow jacket is her hinge; the plates are her wound; the patch is her grief."
portrait_warlord_swarm_env,"Warlord's Nano-Swarm (environmental phenomenon + Agent Zero host)",opponent_portrait,C,§2.12,1536x2048,P0,"global_style_anchor|agent_zero_continuity_ref","Hyper-realistic cinematic composition with a strong biographical quality — every frame should feel like it's been pulled from a recovered personal archive. Palette: warmer and more nostalgic than the Prelude's cold cyan; dominant warm gold #fbbf24, institutional steel grey, deep wood panelling, faint film-grain sepia undertone. Subjects rendered with the specificity of photographic portraiture. Film grain. Anamorphic lens flares where warm light meets composition edges. 1920×1080 / 16:9 / 4K. No rendered text unless explicitly flagged.

TWO SIMULTANEOUS VISUAL SURFACES required in one composition: (1) Agent Zero's host body at eighteen — same person as Young Agent Zero from §2.7 portrait (same height, build, ethnic features, dark-brown hair) but one year later. Hair now pulled back into a tight functional field braid; left-side curtain habit GONE, both eyes visible. Left eye shows a single silver pinpoint at pupil-center (mid-match progression — approximately turn 7/11). Faint silver undertone visible in the capillaries on the insides of her wrists and at her temples. Field-deployment loadout (NOT the Mechronis uniform): charcoal-grey tactical jacket fitted and hip-length, high collar buttoned to the throat, a small unreadable black-on-charcoal sigil on the right shoulder (the Warlord's deployment mark — player will recognize it retroactively in Act 3). Black tactical trousers no creases. Memorial cord on right wrist: plain black braided fiber, three knots. (2) THE SWARM above and around her shoulders: a coherent silver-liquid cloud of nano-particles, brushed-mercury #a8aab2 with cool-blue specular highlights #3b82f6 flickering on a 4Hz pulse. Volume is roughly the mass of a large predator, coiled like armor that breathes. NOT a face, NOT a creature, NOT glittery. Motion grammar: mercury that decided to fight. The swarm absorbs the warm-gold Vortex-bay lighting and re-emits it cool-blue — the composition's signature palette inversion. Setting: the Vortex bay pressurized equipment compartment, single overhead work-lamp, hard down-shadow, a matte-black palm-sized cube (Resurrection Protocols device) on a hexagonal equipment crate, six explosive charges with red countdown LEDs visible on the back wall. The Engineer is off-frame (player POV)."
portrait_wayne_warden,"Wayne Warden",opponent_portrait,C,§2.13,1536x2048,P0,"global_style_anchor","Hyper-realistic cinematic composition with a strong biographical quality — every frame should feel like it's been pulled from a recovered personal archive. Palette: warmer and more nostalgic than the Prelude's cold cyan; dominant warm gold #fbbf24, institutional steel grey, deep wood panelling, faint film-grain sepia undertone. Subjects rendered with the specificity of photographic portraiture. Film grain. Anamorphic lens flares where warm light meets composition edges. 1920×1080 / 16:9 / 4K. No rendered text unless explicitly flagged.

Sixty-three-year-old male presiding judge in three-quarter profile, seated centrally at a 1.2m-raised dark-walnut bench in the New Babylon Tribunal chamber. CANONICAL FRAMING: he is NOT cruel and NOT corrupt in the cinematic sense — render as a competent technician of judgment who genuinely believes his institution is correct. Iron-grey hair at the temples, kept short, neatly groomed. High lined forehead — concentration lines, not anger lines. Pale papery skin with a waxy sheen (four decades of indoor Authority-spec lighting). Faint liver-spots on the backs of the hands. A small shaving nick on the left jaw, two days old, healing. Pale grey-blue eyes #9aa6b1. CRITICAL: his gaze is on the CARDS / the bench surface — NOT on the viewer. In this portrait his eyes track a folded evidence card on the bench in front of him. Authority robes: deep burgundy #6b1d2c wool outer robe, high 4cm collar, floor-length, non-decorative weave (Authority robes are deliberately non-theatrical). Black undertunic beneath, plain, full-length sleeves. Single silver scale-sigil pin ~2cm tall on the left breast — the ONLY metallic element in his entire wardrobe, rendered with faint specular highlight. Flat black four-cornered biretta cap, worn squarely. Hands folded on the bench, fingers long and well-kept, a thin silver band on the LEFT ring finger (widowed — Atarion-related; player does not know yet). Warm-amber lighting from the six crystal coffins mounted on the rear wall above him (soft out-of-focus, 0.3Hz pulse visible as a gentle amber glow behind his shoulders). The single brass scale of justice on the bench at his right hand. Verdict scroll on his left hand, blank. He is the single face the institution puts forward; render him tired, composed, and terrifying exactly because he is competent."
