legacy-cloudfront	0	1727	0	DEAD
apps/client/src/data/preludeAct1Deliverables.ts	0	221	0	DEAD
apps/client/src/data/cadesAssets.ts	77	77	100	LIVE
apps/client/src/game/tradeEmpireArtAssets.ts	70	70	100	LIVE
apps/client/src/lib/casinoAssets.ts	66	66	100	LIVE
literal-dgrsart-url	37	54	68	MIXED
apps/client/src/data/nanobanna2Assets.ts	52	52	100	LIVE
apps/client/src/lib/christmasInJulyAssets.ts	0	49	0	DEAD
apps/client/src/data/optionalComponentAssets.ts	40	40	100	LIVE
apps/shared/songSlideshows.ts	5	35	14	MIXED
apps/client/src/data/dmcAssets.ts	32	32	100	LIVE
apps/shared/musicRegistry.ts	31	31	100	LIVE
apps/client/src/game/terminus-swarm/TerminusSwarmPage.tsx	27	28	96	MIXED
apps/client/src/lib/assetPreloader.ts	24	24	100	LIVE
apps/client/src/pages/ApprenticePage.tsx	21	21	100	LIVE
apps/shared/act2Interlude.ts	19	19	100	LIVE
apps/shared/mechronisProfessors.ts	13	13	100	LIVE
apps/client/src/game/CompanionSelectionScene.tsx	6	12	50	MIXED
apps/client/src/pages/GuildCommonRoomPage.tsx	12	12	100	LIVE
apps/client/src/pages/MechronisAcademyPage.tsx	0	12	0	DEAD
apps/client/src/data/terminusCinematicAssets.ts	10	11	90	MIXED
apps/shared/tcg-core/audio/outergroove.ts	0	11	0	DEAD
apps/client/src/pages/title/themes.ts	10	10	100	LIVE
apps/client/src/data/celebrationSlideshow.ts	8	9	88	MIXED
apps/client/src/game/characterSprites.ts	9	9	100	LIVE
apps/shared/transmissions.ts	9	9	100	LIVE
apps/client/src/data/arenaAssets.ts	8	8	100	LIVE
apps/shared/mechronisClassmates.ts	0	8	0	DEAD
apps/shared/mechronisHouses.ts	0	8	0	DEAD
apps/client/src/components/LoadingScreen.tsx	7	7	100	LIVE
apps/client/src/data/companions/starterEidolonForms.ts	0	6	0	DEAD
apps/client/src/game/StarChart.tsx	6	6	100	LIVE
apps/client/src/lib/chessSfx.ts	6	6	100	LIVE
apps/shared/tcg-core/cards/definitions/allegiance/antiquarian.ts	0	6	0	DEAD
apps/shared/tcg-core/cards/definitions/allegiance/architect.ts	0	6	0	DEAD
apps/shared/tcg-core/cards/definitions/allegiance/dreamer.ts	0	6	0	DEAD
apps/shared/tcg-core/cards/definitions/allegiance/insurgency.ts	0	6	0	DEAD
apps/shared/tcg-core/cards/definitions/allegiance/new_babylon.ts	0	6	0	DEAD
apps/shared/tcg-core/cards/definitions/allegiance/thought_virus.ts	0	6	0	DEAD
apps/client/src/components/DiscoveryVideoOverlay.tsx	5	5	100	LIVE
apps/client/src/contexts/GameContext.tsx	0	5	0	DEAD
apps/client/src/game/terminus-swarm/HanoiPuzzle.tsx	5	5	100	LIVE
apps/client/src/pages/TitlePage.tsx	5	5	100	LIVE
apps/shared/tcg-core/cards/definitions/class/assassin.ts	0	5	0	DEAD
apps/shared/tcg-core/cards/definitions/class/engineer.ts	0	5	0	DEAD
apps/shared/tcg-core/cards/definitions/class/neyon.ts	0	5	0	DEAD
apps/shared/tcg-core/cards/definitions/class/oracle.ts	0	5	0	DEAD
apps/shared/tcg-core/cards/definitions/class/soldier.ts	0	5	0	DEAD
apps/shared/tcg-core/cards/definitions/class/spy.ts	0	5	0	DEAD
apps/shared/tcg-core/cards/definitions/elemental/air.ts	0	5	0	DEAD
apps/shared/tcg-core/cards/definitions/elemental/earth.ts	0	5	0	DEAD
apps/shared/tcg-core/cards/definitions/elemental/fire.ts	0	5	0	DEAD
apps/shared/tcg-core/cards/definitions/elemental/water.ts	0	5	0	DEAD
apps/shared/tcg-core/cards/definitions/imprint/agent_zero.ts	0	5	0	DEAD
apps/shared/tcg-core/cards/definitions/imprint/akai_shi.ts	0	5	0	DEAD
apps/shared/tcg-core/cards/definitions/imprint/antiquarian.ts	0	5	0	DEAD
apps/shared/tcg-core/cards/definitions/imprint/elara.ts	0	5	0	DEAD
apps/shared/tcg-core/cards/definitions/imprint/foucault.ts	0	5	0	DEAD
apps/shared/tcg-core/cards/definitions/imprint/iron_lion.ts	0	5	0	DEAD
apps/shared/tcg-core/cards/definitions/imprint/locke.ts	0	5	0	DEAD
apps/shared/tcg-core/cards/definitions/imprint/the_architect.ts	0	5	0	DEAD
apps/shared/tcg-core/cards/definitions/imprint/the_collector.ts	0	5	0	DEAD
apps/shared/tcg-core/cards/definitions/imprint/the_detective.ts	0	5	0	DEAD
apps/shared/tcg-core/cards/definitions/imprint/the_dreamer.ts	0	5	0	DEAD
apps/shared/tcg-core/cards/definitions/imprint/the_engineer.ts	0	5	0	DEAD
apps/shared/tcg-core/cards/definitions/imprint/the_enigma.ts	0	5	0	DEAD
apps/shared/tcg-core/cards/definitions/imprint/the_human.ts	0	5	0	DEAD
apps/shared/tcg-core/cards/definitions/imprint/the_jailer.ts	0	5	0	DEAD
apps/shared/tcg-core/cards/definitions/imprint/the_necromancer.ts	0	5	0	DEAD
apps/shared/tcg-core/cards/definitions/imprint/the_oracle.ts	0	5	0	DEAD
apps/shared/tcg-core/cards/definitions/imprint/the_source.ts	0	5	0	DEAD
apps/client/src/game/terminus-swarm/definitions.ts	4	4	100	LIVE
apps/client/src/game/tradeEmpire.ts	4	4	100	LIVE
apps/shared/celebrationParkMap.ts	0	4	0	DEAD
apps/client/src/data/mechronisSlideshow.ts	2	3	66	MIXED
apps/client/src/game/spriteSheetConfig.ts	0	3	0	DEAD
apps/shared/tcg-core/cards/definitions/dimensional/probability.ts	0	3	0	DEAD
apps/shared/tcg-core/cards/definitions/dimensional/reality.ts	0	3	0	DEAD
apps/shared/tcg-core/cards/definitions/dimensional/space.ts	0	3	0	DEAD
apps/shared/tcg-core/cards/definitions/dimensional/time.ts	0	3	0	DEAD
apps/shared/tcg-core/cards/definitions/race/demagi.ts	0	3	0	DEAD
apps/shared/tcg-core/cards/definitions/race/human.ts	0	3	0	DEAD
apps/shared/tcg-core/cards/definitions/race/neyon.ts	0	3	0	DEAD
apps/shared/tcg-core/cards/definitions/race/quarchon.ts	0	3	0	DEAD
apps/shared/tcg-core/cards/definitions/race/synthetic.ts	0	3	0	DEAD
apps/client/src/pages/DischordianLogicSongPage.tsx	0	2	0	DEAD
apps/client/src/components/GameCard.tsx	1	1	100	LIVE
apps/client/src/components/SortingCeremony.tsx	1	1	100	LIVE
apps/client/src/components/act1/SeerCardFlicker.tsx	0	1	0	DEAD
apps/client/src/components/act1/TwoWitnessesPart2.tsx	0	1	0	DEAD
apps/client/src/components/act1/act1CycleCWitnessing.ts	0	1	0	DEAD
apps/client/src/components/prelude/BeatEFlashback.tsx	1	1	100	LIVE
apps/client/src/components/prelude/beatEHotspots.ts	1	1	100	LIVE
apps/client/src/components/prelude/lastWordsTimeline.ts	1	1	100	LIVE
apps/client/src/game/GamemastersArena.tsx	1	1	100	LIVE
apps/client/src/game/HackingPuzzle.tsx	1	1	100	LIVE
apps/client/src/game/PalimpsestEpisodesPage.tsx	1	1	100	LIVE
apps/client/src/game/SignalDecryption.tsx	1	1	100	LIVE
apps/client/src/game/roomStateAssets.ts	0	1	0	DEAD
apps/client/src/pages/Act1CardLadderPage.tsx	1	1	100	LIVE
apps/client/src/pages/Act2InterludePage.tsx	0	1	0	DEAD
apps/client/src/pages/Act4MatchPage.tsx	1	1	100	LIVE
apps/client/src/pages/Act5InterludePage.tsx	0	1	0	DEAD
apps/client/src/pages/CADESFPSPage.tsx	1	1	100	LIVE
apps/client/src/pages/DeadMansCircuitPage.tsx	1	1	100	LIVE
apps/client/src/pages/EngineersBenchPage.tsx	0	1	0	DEAD
apps/client/src/pages/GameMastersArenaAct2Page.tsx	0	1	0	DEAD
apps/client/src/pages/TradeWarsPage.tsx	1	1	100	LIVE
apps/client/src/pages/TrophyRoomPage.tsx	1	1	100	LIVE
apps/client/src/pages/VortexIncursionPage.tsx	1	1	100	LIVE
apps/scripts/wire-card-art.ts	0	1	0	DEAD
apps/shared/darrenMemorial.ts	1	1	100	LIVE
apps/shared/tcg-core/cards/definitions/antiquarian/gen_antiquarian.ts	1	1	100	LIVE
apps/shared/tcg-core/cards/definitions/antiquarian/s1_char_018_the_antiquarian.ts	0	1	0	DEAD
apps/shared/tcg-core/cards/definitions/antiquarian/s1_char_043_the_programmer.ts	1	1	100	LIVE
apps/shared/tcg-core/cards/definitions/antiquarian/s1_char_058_epoch_walker.ts	1	1	100	LIVE
apps/shared/tcg-core/cards/definitions/antiquarian/s1_char_059_chronosplicer.ts	1	1	100	LIVE
apps/shared/tcg-core/cards/definitions/antiquarian/s1_char_060_relic_keeper.ts	1	1	100	LIVE
apps/shared/tcg-core/cards/definitions/antiquarian/s1_char_061_temporal_archivist.ts	1	1	100	LIVE
apps/shared/tcg-core/cards/definitions/antiquarian/s1_char_062_hourglass_golem.ts	1	1	100	LIVE
apps/shared/tcg-core/cards/definitions/antiquarian/s1_char_063_paradox_acolyte.ts	1	1	100	LIVE
apps/shared/tcg-core/cards/definitions/antiquarian/s1_char_064_memory_thief.ts	1	1	100	LIVE
apps/shared/tcg-core/cards/definitions/antiquarian/s1_char_065_age_ender.ts	1	1	100	LIVE
apps/shared/tcg-core/cards/definitions/antiquarian/s1_char_121_epoch_watcher.ts	1	1	100	LIVE
apps/shared/tcg-core/cards/definitions/antiquarian/s1_char_122_timeline_splitter.ts	1	1	100	LIVE
apps/shared/tcg-core/cards/definitions/antiquarian/s1_char_123_relic_scholar.ts	1	1	100	LIVE
apps/shared/tcg-core/cards/definitions/antiquarian/s1_char_124_age_walker.ts	1	1	100	LIVE
apps/shared/tcg-core/cards/definitions/antiquarian/s1_char_201_chronoguard_sentinel.ts	1	1	100	LIVE
apps/shared/tcg-core/cards/definitions/antiquarian/s1_pack_036_temporal_collapse.ts	1	1	100	LIVE
apps/shared/tcg-core/cards/definitions/antiquarian/s1_pack_037_era_guardian.ts	1	1	100	LIVE
apps/shared/tcg-core/cards/definitions/antiquarian/s1_pack_038_chrono_blade.ts	1	1	100	LIVE
apps/shared/tcg-core/cards/definitions/antiquarian/s1_pack_039_age_of_reckoning.ts	1	1	100	LIVE
apps/shared/tcg-core/cards/definitions/antiquarian/s1_pack_040_fossil_sentinel.ts	1	1	100	LIVE
apps/shared/tcg-core/cards/definitions/antiquarian/s1_pack_041_the_archivist_supreme.ts	1	1	100	LIVE
apps/shared/tcg-core/cards/definitions/antiquarian/s1_pack_042_memory_splice.ts	1	1	100	LIVE
apps/shared/tcg-core/cards/definitions/antiquarian/s1_pack_seed_governance.ts	1	1	100	LIVE
apps/shared/tcg-core/cards/definitions/antiquarian/s1_reward_campaign_acceptance.ts	1	1	100	LIVE
apps/shared/tcg-core/cards/definitions/antiquarian/s1_reward_discovery_all.ts	1	1	100	LIVE
apps/shared/tcg-core/cards/definitions/antiquarian/s1_reward_lore_archivist.ts	1	1	100	LIVE
apps/shared/tcg-core/cards/definitions/antiquarian/s1_reward_outbreak_cure.ts	1	1	100	LIVE
apps/shared/tcg-core/cards/definitions/antiquarian/s1_reward_rpg_quest.ts	1	1	100	LIVE
apps/shared/tcg-core/cards/definitions/antiquarian/s1_reward_vote_t1_acceptance.ts	1	1	100	LIVE
apps/shared/tcg-core/cards/definitions/antiquarian/s1_spell_120_timeline_collapse.ts	1	1	100	LIVE
apps/shared/tcg-core/cards/definitions/antiquarian/s1_spell_121_epoch_rewind.ts	1	1	100	LIVE
apps/shared/tcg-core/cards/definitions/antiquarian/s1_spell_122_archaeological_dig.ts	1	1	100	LIVE
apps/shared/tcg-core/cards/definitions/antiquarian/s1_spell_230_chrono_anchor.ts	1	1	100	LIVE
apps/shared/tcg-core/cards/definitions/antiquarian/s1_spell_231_temporal_fracture.ts	1	1	100	LIVE
apps/shared/tcg-core/cards/definitions/antiquarian/s1_spell_232_fossil_record.ts	1	1	100	LIVE
apps/shared/tcg-core/cards/definitions/antiquarian/s1_spell_233_era_shift.ts	1	1	100	LIVE
apps/shared/tcg-core/cards/definitions/antiquarian/s1_spell_234_preservation_field.ts	1	1	100	LIVE
apps/shared/tcg-core/cards/definitions/antiquarian/s1_spell_235_age_of_silence.ts	1	1	100	LIVE
apps/shared/tcg-core/cards/definitions/architect/gen_architect.ts	1	1	100	LIVE
apps/shared/tcg-core/cards/definitions/architect/gen_authority.ts	0	1	0	DEAD
apps/shared/tcg-core/cards/definitions/architect/s1_char_006_dr_lyra_vox.ts	1	1	100	LIVE
apps/shared/tcg-core/cards/definitions/architect/s1_char_007_general_alarik.ts	1	1	100	LIVE
apps/shared/tcg-core/cards/definitions/architect/s1_char_008_general_binath.ts	1	1	100	LIVE
apps/shared/tcg-core/cards/definitions/architect/s1_char_009_general_prometheus.ts	1	1	100	LIVE
apps/shared/tcg-core/cards/definitions/architect/s1_char_013_master_of_rlyeh.ts	1	1	100	LIVE
apps/shared/tcg-core/cards/definitions/architect/s1_char_015_panoptic_elara.ts	1	1	100	LIVE
apps/shared/tcg-core/cards/definitions/architect/s1_char_016_senator_elara_voss.ts	1	1	100	LIVE
apps/shared/tcg-core/cards/definitions/architect/s1_char_019_the_architect.ts	1	1	100	LIVE
apps/shared/tcg-core/cards/definitions/architect/s1_char_021_the_conexus.ts	1	1	100	LIVE
apps/shared/tcg-core/cards/definitions/architect/s1_char_022_the_collector.ts	1	1	100	LIVE
apps/shared/tcg-core/cards/definitions/architect/s1_char_024_the_detective.ts	1	1	100	LIVE
apps/shared/tcg-core/cards/definitions/architect/s1_char_030_the_game_master.ts	1	1	100	LIVE
apps/shared/tcg-core/cards/definitions/architect/s1_char_035_the_jailer.ts	1	1	100	LIVE
apps/shared/tcg-core/cards/definitions/architect/s1_char_038_the_meme.ts	1	1	100	LIVE
apps/shared/tcg-core/cards/definitions/architect/s1_char_039_the_necromancer.ts	1	1	100	LIVE
apps/shared/tcg-core/cards/definitions/architect/s1_char_042_the_politician.ts	1	1	100	LIVE
apps/shared/tcg-core/cards/definitions/architect/s1_char_100_the_collector.ts	1	1	100	LIVE
apps/shared/tcg-core/cards/definitions/architect/s1_char_101_panoptic_warden_foucault.ts	1	1	100	LIVE
apps/shared/tcg-core/cards/definitions/architect/s1_char_102_arena_enforcer.ts	1	1	100	LIVE
apps/shared/tcg-core/cards/definitions/architect/s1_char_103_inception_ark_sentry.ts	1	1	100	LIVE
apps/shared/tcg-core/cards/definitions/architect/s1_char_104_white_oracle.ts	1	1	100	LIVE
apps/shared/tcg-core/cards/definitions/architect/s1_pack_001_panopticon_override.ts	1	1	100	LIVE
apps/shared/tcg-core/cards/definitions/architect/s1_pack_002_schematic_sentinel.ts	1	1	100	LIVE
apps/shared/tcg-core/cards/definitions/architect/s1_pack_003_arena_architect.ts	1	1	100	LIVE
apps/shared/tcg-core/cards/definitions/architect/s1_pack_004_protocol_enforcer.ts	1	1	100	LIVE
apps/shared/tcg-core/cards/definitions/architect/s1_pack_005_grand_design.ts	1	1	100	LIVE
apps/shared/tcg-core/cards/definitions/architect/s1_pack_006_chrome_archon.ts	1	1	100	LIVE
apps/shared/tcg-core/cards/definitions/architect/s1_pack_007_surveillance_probe.ts	1	1	100	LIVE
apps/shared/tcg-core/cards/definitions/architect/s1_pack_cosm_emote_taunt.ts	1	1	100	LIVE
apps/shared/tcg-core/cards/definitions/architect/s1_pack_cosm_ship_theme.ts	1	1	100	LIVE
apps/shared/tcg-core/cards/definitions/architect/s1_pack_id_human_archon.ts	1	1	100	LIVE
apps/shared/tcg-core/cards/definitions/architect/s1_pack_pet_data_serpent_1.ts	1	1	100	LIVE
apps/shared/tcg-core/cards/definitions/architect/s1_pack_pet_data_serpent_2.ts	1	1	100	LIVE
apps/shared/tcg-core/cards/definitions/architect/s1_pack_pet_data_serpent_3.ts	1	1	100	LIVE
apps/shared/tcg-core/cards/definitions/architect/s1_pack_pet_gilt_beetle_1.ts	1	1	100	LIVE
apps/shared/tcg-core/cards/definitions/architect/s1_pack_pet_gilt_beetle_2.ts	1	1	100	LIVE
apps/shared/tcg-core/cards/definitions/architect/s1_pack_pet_gilt_beetle_3.ts	1	1	100	LIVE
apps/shared/tcg-core/cards/definitions/architect/s1_pack_seed_chess.ts	1	1	100	LIVE
apps/shared/tcg-core/cards/definitions/architect/s1_reward_boss_architect.ts	1	1	100	LIVE
apps/shared/tcg-core/cards/definitions/architect/s1_reward_boss_collector.ts	1	1	100	LIVE
apps/shared/tcg-core/cards/definitions/architect/s1_reward_casino_pazaak.ts	1	1	100	LIVE
apps/shared/tcg-core/cards/definitions/architect/s1_reward_chess_tourney.ts	1	1	100	LIVE
apps/shared/tcg-core/cards/definitions/architect/s1_reward_chess_win.ts	1	1	100	LIVE
apps/shared/tcg-core/cards/definitions/architect/s1_reward_class_engineer.ts	1	1	100	LIVE
apps/shared/tcg-core/cards/definitions/architect/s1_reward_companion_human.ts	1	1	100	LIVE
apps/shared/tcg-core/cards/definitions/architect/s1_reward_crew_clone.ts	1	1	100	LIVE
apps/shared/tcg-core/cards/definitions/architect/s1_reward_eidolon_cipher.ts	1	1	100	LIVE
apps/shared/tcg-core/cards/definitions/architect/s1_reward_station_complete.ts	1	1	100	LIVE
apps/shared/tcg-core/cards/definitions/architect/s1_reward_station_module.ts	1	1	100	LIVE
apps/shared/tcg-core/cards/definitions/architect/s1_reward_tower_wave50.ts	1	1	100	LIVE
apps/shared/tcg-core/cards/definitions/architect/s1_spell_100_schematic_override.ts	1	1	100	LIVE
apps/shared/tcg-core/cards/definitions/architect/s1_spell_101_predetermined_outcome.ts	1	1	100	LIVE
apps/shared/tcg-core/cards/definitions/architect/s1_spell_102_arena_protocol.ts	1	1	100	LIVE
apps/shared/tcg-core/cards/definitions/architect/s1_spell_103_recursive_calibration.ts	1	1	100	LIVE
apps/shared/tcg-core/cards/definitions/architect/s1_spell_200_surveillance_grid.ts	1	1	100	LIVE
apps/shared/tcg-core/cards/definitions/architect/s1_spell_201_protocol_override.ts	1	1	100	LIVE
apps/shared/tcg-core/cards/definitions/architect/s1_spell_202_system_purge.ts	1	1	100	LIVE
apps/shared/tcg-core/cards/definitions/architect/s1_spell_203_calculated_retreat.ts	1	1	100	LIVE
apps/shared/tcg-core/cards/definitions/architect/s1_spell_204_architects_mandate.ts	1	1	100	LIVE
apps/shared/tcg-core/cards/definitions/architect/s1_spell_205_panoptic_lockdown.ts	1	1	100	LIVE
apps/shared/tcg-core/cards/definitions/architect/s1_warlord_three_moves.ts	0	1	0	DEAD
apps/shared/tcg-core/cards/definitions/dreamer/gen_dreamer.ts	1	1	100	LIVE
apps/shared/tcg-core/cards/definitions/dreamer/s1_char_005_destiny.ts	1	1	100	LIVE
apps/shared/tcg-core/cards/definitions/dreamer/s1_char_014_nythera.ts	1	1	100	LIVE
apps/shared/tcg-core/cards/definitions/dreamer/s1_char_017_the_advocate.ts	1	1	100	LIVE
apps/shared/tcg-core/cards/definitions/dreamer/s1_char_023_the_degen.ts	1	1	100	LIVE
apps/shared/tcg-core/cards/definitions/dreamer/s1_char_025_the_dreamer.ts	1	1	100	LIVE
apps/shared/tcg-core/cards/definitions/dreamer/s1_char_027_the_enigma.ts	1	1	100	LIVE
apps/shared/tcg-core/cards/definitions/dreamer/s1_char_029_the_forgotten.ts	1	1	100	LIVE
apps/shared/tcg-core/cards/definitions/dreamer/s1_char_034_the_inventor.ts	1	1	100	LIVE
apps/shared/tcg-core/cards/definitions/dreamer/s1_char_036_the_judge.ts	1	1	100	LIVE
apps/shared/tcg-core/cards/definitions/dreamer/s1_char_037_the_knowledge.ts	1	1	100	LIVE
apps/shared/tcg-core/cards/definitions/dreamer/s1_char_045_the_resurrectionist.ts	1	1	100	LIVE
apps/shared/tcg-core/cards/definitions/dreamer/s1_char_046_the_seer.ts	1	1	100	LIVE
apps/shared/tcg-core/cards/definitions/dreamer/s1_char_109_the_enigma.ts	1	1	100	LIVE
apps/shared/tcg-core/cards/definitions/dreamer/s1_char_110_prophecy_keeper.ts	1	1	100	LIVE
apps/shared/tcg-core/cards/definitions/dreamer/s1_char_111_vision_walker.ts	1	1	100	LIVE
apps/shared/tcg-core/cards/definitions/dreamer/s1_char_112_reality_anchor.ts	1	1	100	LIVE
apps/shared/tcg-core/cards/definitions/dreamer/s1_char_203_astral_warden.ts	1	1	100	LIVE
apps/shared/tcg-core/cards/definitions/dreamer/s1_pack_015_probability_surge.ts	1	1	100	LIVE
apps/shared/tcg-core/cards/definitions/dreamer/s1_pack_016_vision_weaver.ts	1	1	100	LIVE
apps/shared/tcg-core/cards/definitions/dreamer/s1_pack_017_fates_edge.ts	1	1	100	LIVE
apps/shared/tcg-core/cards/definitions/dreamer/s1_pack_018_dream_sentinel.ts	1	1	100	LIVE
apps/shared/tcg-core/cards/definitions/dreamer/s1_pack_019_oracles_wrath.ts	1	1	100	LIVE
apps/shared/tcg-core/cards/definitions/dreamer/s1_pack_020_prophecy_incarnate.ts	1	1	100	LIVE
apps/shared/tcg-core/cards/definitions/dreamer/s1_pack_021_starlight_familiar.ts	1	1	100	LIVE
apps/shared/tcg-core/cards/definitions/dreamer/s1_pack_cosm_card_back.ts	1	1	100	LIVE
apps/shared/tcg-core/cards/definitions/dreamer/s1_pack_cosm_frame_gold.ts	1	1	100	LIVE
apps/shared/tcg-core/cards/definitions/dreamer/s1_pack_id_oracle_ascended.ts	1	1	100	LIVE
apps/shared/tcg-core/cards/definitions/dreamer/s1_pack_id_oracle_prisoner.ts	1	1	100	LIVE
apps/shared/tcg-core/cards/definitions/dreamer/s1_pack_id_oracle_prophet.ts	1	1	100	LIVE
apps/shared/tcg-core/cards/definitions/dreamer/s1_pack_pet_glyph_moth_1.ts	1	1	100	LIVE
apps/shared/tcg-core/cards/definitions/dreamer/s1_pack_pet_glyph_moth_2.ts	1	1	100	LIVE
apps/shared/tcg-core/cards/definitions/dreamer/s1_pack_pet_glyph_moth_3.ts	1	1	100	LIVE
apps/shared/tcg-core/cards/definitions/dreamer/s1_pack_pet_holo_fox_1.ts	1	1	100	LIVE
apps/shared/tcg-core/cards/definitions/dreamer/s1_pack_pet_holo_fox_2.ts	1	1	100	LIVE
apps/shared/tcg-core/cards/definitions/dreamer/s1_pack_pet_holo_fox_3.ts	1	1	100	LIVE
apps/shared/tcg-core/cards/definitions/dreamer/s1_pack_pet_temporal_kitten_1.ts	1	1	100	LIVE
apps/shared/tcg-core/cards/definitions/dreamer/s1_pack_pet_temporal_kitten_2.ts	1	1	100	LIVE
apps/shared/tcg-core/cards/definitions/dreamer/s1_pack_pet_temporal_kitten_3.ts	1	1	100	LIVE
apps/shared/tcg-core/cards/definitions/dreamer/s1_reward_campaign_finale.ts	1	1	100	LIVE
apps/shared/tcg-core/cards/definitions/dreamer/s1_reward_campaign_truth.ts	1	1	100	LIVE
apps/shared/tcg-core/cards/definitions/dreamer/s1_reward_casino_dice.ts	1	1	100	LIVE
apps/shared/tcg-core/cards/definitions/dreamer/s1_reward_class_neyon.ts	1	1	100	LIVE
apps/shared/tcg-core/cards/definitions/dreamer/s1_reward_class_oracle.ts	1	1	100	LIVE
apps/shared/tcg-core/cards/definitions/dreamer/s1_reward_cycle_light.ts	1	1	100	LIVE
apps/shared/tcg-core/cards/definitions/dreamer/s1_reward_eidolon_lux.ts	1	1	100	LIVE
apps/shared/tcg-core/cards/definitions/dreamer/s1_reward_palimpsest_signal.ts	1	1	100	LIVE
apps/shared/tcg-core/cards/definitions/dreamer/s1_reward_vortex_close.ts	1	1	100	LIVE
apps/shared/tcg-core/cards/definitions/dreamer/s1_reward_vortex_master.ts	1	1	100	LIVE
apps/shared/tcg-core/cards/definitions/dreamer/s1_reward_vote_t1_truth.ts	1	1	100	LIVE
apps/shared/tcg-core/cards/definitions/dreamer/s1_song_082_top_floor_door.ts	1	1	100	LIVE
apps/shared/tcg-core/cards/definitions/dreamer/s1_spell_108_prophetic_collapse.ts	1	1	100	LIVE
apps/shared/tcg-core/cards/definitions/dreamer/s1_spell_109_vision_cascade.ts	1	1	100	LIVE
apps/shared/tcg-core/cards/definitions/dreamer/s1_spell_110_dream_walk.ts	1	1	100	LIVE
apps/shared/tcg-core/cards/definitions/dreamer/s1_spell_111_probability_storm.ts	1	1	100	LIVE
apps/shared/tcg-core/cards/definitions/dreamer/s1_spell_212_lucid_clarity.ts	1	1	100	LIVE
apps/shared/tcg-core/cards/definitions/dreamer/s1_spell_213_precognition.ts	1	1	100	LIVE
apps/shared/tcg-core/cards/definitions/dreamer/s1_spell_214_minds_eye.ts	1	1	100	LIVE
apps/shared/tcg-core/cards/definitions/dreamer/s1_spell_215_reality_fracture.ts	1	1	100	LIVE
apps/shared/tcg-core/cards/definitions/dreamer/s1_spell_216_oracles_blessing.ts	1	1	100	LIVE
apps/shared/tcg-core/cards/definitions/dreamer/s1_spell_217_dream_weave.ts	1	1	100	LIVE
apps/shared/tcg-core/cards/definitions/insurgency/gen_insurgency.ts	1	1	100	LIVE
apps/shared/tcg-core/cards/definitions/insurgency/s1_char_002_agent_zero.ts	1	1	100	LIVE
apps/shared/tcg-core/cards/definitions/insurgency/s1_char_010_iron_lion.ts	1	1	100	LIVE
apps/shared/tcg-core/cards/definitions/insurgency/s1_char_011_jericho_jones.ts	1	1	100	LIVE
apps/shared/tcg-core/cards/definitions/insurgency/s1_char_012_kael.ts	1	1	100	LIVE
apps/shared/tcg-core/cards/definitions/insurgency/s1_char_026_the_engineer.ts	1	1	100	LIVE
apps/shared/tcg-core/cards/definitions/insurgency/s1_char_028_the_eyes.ts	1	1	100	LIVE
apps/shared/tcg-core/cards/definitions/insurgency/s1_char_031_the_hierophant.ts	1	1	100	LIVE
apps/shared/tcg-core/cards/definitions/insurgency/s1_char_040_the_nomad.ts	1	1	100	LIVE
apps/shared/tcg-core/cards/definitions/insurgency/s1_char_041_the_oracle.ts	1	1	100	LIVE
apps/shared/tcg-core/cards/definitions/insurgency/s1_char_044_the_recruiter.ts	1	1	100	LIVE
apps/shared/tcg-core/cards/definitions/insurgency/s1_char_047_the_shadow_tongue.ts	1	1	100	LIVE
apps/shared/tcg-core/cards/definitions/insurgency/s1_char_105_iron_lion.ts	1	1	100	LIVE
apps/shared/tcg-core/cards/definitions/insurgency/s1_char_106_wraith_calder.ts	1	1	100	LIVE
apps/shared/tcg-core/cards/definitions/insurgency/s1_char_107_signal_operative.ts	1	1	100	LIVE
apps/shared/tcg-core/cards/definitions/insurgency/s1_char_108_guerrilla_cell.ts	1	1	100	LIVE
apps/shared/tcg-core/cards/definitions/insurgency/s1_char_202_saboteur.ts	1	1	100	LIVE
apps/shared/tcg-core/cards/definitions/insurgency/s1_pack_008_dead_signal_burst.ts	1	1	100	LIVE
apps/shared/tcg-core/cards/definitions/insurgency/s1_pack_009_covert_operative.ts	1	1	100	LIVE
apps/shared/tcg-core/cards/definitions/insurgency/s1_pack_010_signal_repeater.ts	1	1	100	LIVE
apps/shared/tcg-core/cards/definitions/insurgency/s1_pack_011_insurgent_commander.ts	1	1	100	LIVE
apps/shared/tcg-core/cards/definitions/insurgency/s1_pack_012_rebel_arsenal.ts	1	1	100	LIVE
apps/shared/tcg-core/cards/definitions/insurgency/s1_pack_013_liberation_protocol.ts	1	1	100	LIVE
apps/shared/tcg-core/cards/definitions/insurgency/s1_pack_014_agent_zero_reborn.ts	1	1	100	LIVE
apps/shared/tcg-core/cards/definitions/insurgency/s1_pack_cosm_trail_fire.ts	1	1	100	LIVE
apps/shared/tcg-core/cards/definitions/insurgency/s1_pack_id_kael_recruiter.ts	1	1	100	LIVE
apps/shared/tcg-core/cards/definitions/insurgency/s1_pack_pet_flicker_imp_1.ts	1	1	100	LIVE
apps/shared/tcg-core/cards/definitions/insurgency/s1_pack_pet_flicker_imp_2.ts	1	1	100	LIVE
apps/shared/tcg-core/cards/definitions/insurgency/s1_pack_pet_flicker_imp_3.ts	1	1	100	LIVE
apps/shared/tcg-core/cards/definitions/insurgency/s1_pack_pet_spore_fungus_1.ts	1	1	100	LIVE
apps/shared/tcg-core/cards/definitions/insurgency/s1_pack_pet_spore_fungus_2.ts	1	1	100	LIVE
apps/shared/tcg-core/cards/definitions/insurgency/s1_pack_pet_spore_fungus_3.ts	1	1	100	LIVE
apps/shared/tcg-core/cards/definitions/insurgency/s1_reward_campaign_defiance.ts	1	1	100	LIVE
apps/shared/tcg-core/cards/definitions/insurgency/s1_reward_class_spy.ts	1	1	100	LIVE
apps/shared/tcg-core/cards/definitions/insurgency/s1_reward_companion_zero.ts	1	1	100	LIVE
apps/shared/tcg-core/cards/definitions/insurgency/s1_reward_crew_mission.ts	1	1	100	LIVE
apps/shared/tcg-core/cards/definitions/insurgency/s1_reward_eidolon_echo.ts	1	1	100	LIVE
apps/shared/tcg-core/cards/definitions/insurgency/s1_reward_guild_recruit.ts	1	1	100	LIVE
apps/shared/tcg-core/cards/definitions/insurgency/s1_reward_trade_insurgency.ts	1	1	100	LIVE
apps/shared/tcg-core/cards/definitions/insurgency/s1_reward_vote_t1_defiance.ts	1	1	100	LIVE
apps/shared/tcg-core/cards/definitions/insurgency/s1_song_091_i_love_war.ts	1	1	100	LIVE
apps/shared/tcg-core/cards/definitions/insurgency/s1_spell_104_signal_intercept.ts	1	1	100	LIVE
apps/shared/tcg-core/cards/definitions/insurgency/s1_spell_105_guerrilla_strike.ts	1	1	100	LIVE
apps/shared/tcg-core/cards/definitions/insurgency/s1_spell_106_encrypted_broadcast.ts	1	1	100	LIVE
apps/shared/tcg-core/cards/definitions/insurgency/s1_spell_107_dead_frequency_jam.ts	1	1	100	LIVE
apps/shared/tcg-core/cards/definitions/insurgency/s1_spell_206_supply_drop.ts	1	1	100	LIVE
apps/shared/tcg-core/cards/definitions/insurgency/s1_spell_207_ambush_protocol.ts	1	1	100	LIVE
apps/shared/tcg-core/cards/definitions/insurgency/s1_spell_208_rebel_yell.ts	1	1	100	LIVE
apps/shared/tcg-core/cards/definitions/insurgency/s1_spell_209_safe_house.ts	1	1	100	LIVE
apps/shared/tcg-core/cards/definitions/insurgency/s1_spell_210_intel_leak.ts	1	1	100	LIVE
apps/shared/tcg-core/cards/definitions/insurgency/s1_spell_211_scorched_earth.ts	1	1	100	LIVE
apps/shared/tcg-core/cards/definitions/neutral/burnt_card_placeholder.ts	0	1	0	DEAD
apps/shared/tcg-core/cards/definitions/neutral/gen_game_master_original.ts	0	1	0	DEAD
apps/shared/tcg-core/cards/definitions/neutral/gen_neutral.ts	1	1	100	LIVE
apps/shared/tcg-core/cards/definitions/neutral/gen_programmer.ts	0	1	0	DEAD
apps/shared/tcg-core/cards/definitions/neutral/gen_seer.ts	0	1	0	DEAD
apps/shared/tcg-core/cards/definitions/neutral/s1_char_004_ambassador_veron.ts	1	1	100	LIVE
apps/shared/tcg-core/cards/definitions/neutral/s1_char_086_wandering_merchant.ts	1	1	100	LIVE
apps/shared/tcg-core/cards/definitions/neutral/s1_char_087_scrapyard_golem.ts	1	1	100	LIVE
apps/shared/tcg-core/cards/definitions/neutral/s1_char_088_field_medic.ts	1	1	100	LIVE
apps/shared/tcg-core/cards/definitions/neutral/s1_char_089_courier_sprite.ts	1	1	100	LIVE
apps/shared/tcg-core/cards/definitions/neutral/s1_char_090_hired_blade.ts	1	1	100	LIVE
apps/shared/tcg-core/cards/definitions/neutral/s1_char_091_border_scout.ts	1	1	100	LIVE
apps/shared/tcg-core/cards/definitions/neutral/s1_char_092_ruin_stalker.ts	1	1	100	LIVE
apps/shared/tcg-core/cards/definitions/neutral/s1_char_093_ironclad_veteran.ts	1	1	100	LIVE
apps/shared/tcg-core/cards/definitions/neutral/s1_pack_043_void_crystal.ts	1	1	100	LIVE
apps/shared/tcg-core/cards/definitions/neutral/s1_pack_044_ark_defender.ts	1	1	100	LIVE
apps/shared/tcg-core/cards/definitions/neutral/s1_pack_045_universal_adapter.ts	1	1	100	LIVE
apps/shared/tcg-core/cards/definitions/neutral/s1_pack_046_dimensional_rift.ts	1	1	100	LIVE
apps/shared/tcg-core/cards/definitions/neutral/s1_pack_047_emergency_protocol.ts	1	1	100	LIVE
apps/shared/tcg-core/cards/definitions/neutral/s1_pack_048_elaras_final_gift.ts	1	1	100	LIVE
apps/shared/tcg-core/cards/definitions/neutral/s1_pack_049_the_inception.ts	1	1	100	LIVE
apps/shared/tcg-core/cards/definitions/neutral/s1_pack_cosm_badge_s1.ts	1	1	100	LIVE
apps/shared/tcg-core/cards/definitions/neutral/s1_pack_cosm_title_echo.ts	1	1	100	LIVE
apps/shared/tcg-core/cards/definitions/neutral/s1_pack_id_elara_advocate.ts	1	1	100	LIVE
apps/shared/tcg-core/cards/definitions/neutral/s1_pack_id_elara_panoptic.ts	1	1	100	LIVE
apps/shared/tcg-core/cards/definitions/neutral/s1_pack_id_elara_ship_ai.ts	1	1	100	LIVE
apps/shared/tcg-core/cards/definitions/neutral/s1_pack_id_human_detective.ts	1	1	100	LIVE
apps/shared/tcg-core/cards/definitions/neutral/s1_pack_id_human_student.ts	1	1	100	LIVE
apps/shared/tcg-core/cards/definitions/neutral/s1_pack_seed_gene.ts	1	1	100	LIVE
apps/shared/tcg-core/cards/definitions/neutral/s1_reward_bonus_complete.ts	1	1	100	LIVE
apps/shared/tcg-core/cards/definitions/neutral/s1_reward_campaign_balanced.ts	1	1	100	LIVE
apps/shared/tcg-core/cards/definitions/neutral/s1_reward_campaign_empathy.ts	1	1	100	LIVE
apps/shared/tcg-core/cards/definitions/neutral/s1_reward_casino_jackpot.ts	1	1	100	LIVE
apps/shared/tcg-core/cards/definitions/neutral/s1_reward_casino_slots.ts	1	1	100	LIVE
apps/shared/tcg-core/cards/definitions/neutral/s1_reward_challenge_streak.ts	1	1	100	LIVE
apps/shared/tcg-core/cards/definitions/neutral/s1_reward_companion_all.ts	1	1	100	LIVE
apps/shared/tcg-core/cards/definitions/neutral/s1_reward_companion_elara.ts	1	1	100	LIVE
apps/shared/tcg-core/cards/definitions/neutral/s1_reward_companion_max.ts	1	1	100	LIVE
apps/shared/tcg-core/cards/definitions/neutral/s1_reward_crew_bloodline.ts	1	1	100	LIVE
apps/shared/tcg-core/cards/definitions/neutral/s1_reward_crew_incubator.ts	1	1	100	LIVE
apps/shared/tcg-core/cards/definitions/neutral/s1_reward_daily_streak.ts	1	1	100	LIVE
apps/shared/tcg-core/cards/definitions/neutral/s1_reward_draft_perfect.ts	1	1	100	LIVE
apps/shared/tcg-core/cards/definitions/neutral/s1_reward_draft_winner.ts	1	1	100	LIVE
apps/shared/tcg-core/cards/definitions/neutral/s1_reward_graduate_deploy.ts	1	1	100	LIVE
apps/shared/tcg-core/cards/definitions/neutral/s1_reward_graduate_master.ts	1	1	100	LIVE
apps/shared/tcg-core/cards/definitions/neutral/s1_reward_guild_founder.ts	1	1	100	LIVE
apps/shared/tcg-core/cards/definitions/neutral/s1_reward_guild_hall.ts	1	1	100	LIVE
apps/shared/tcg-core/cards/definitions/neutral/s1_reward_guild_officer.ts	1	1	100	LIVE
apps/shared/tcg-core/cards/definitions/neutral/s1_reward_pet_evolve.ts	1	1	100	LIVE
apps/shared/tcg-core/cards/definitions/neutral/s1_reward_pet_streak.ts	1	1	100	LIVE
apps/shared/tcg-core/cards/definitions/neutral/s1_reward_prestige_t1.ts	1	1	100	LIVE
apps/shared/tcg-core/cards/definitions/neutral/s1_reward_prestige_t3.ts	1	1	100	LIVE
apps/shared/tcg-core/cards/definitions/neutral/s1_reward_prestige_t5.ts	1	1	100	LIVE
apps/shared/tcg-core/cards/definitions/neutral/s1_reward_prestige_t7.ts	1	1	100	LIVE
apps/shared/tcg-core/cards/definitions/neutral/s1_reward_pvp_bronze.ts	1	1	100	LIVE
apps/shared/tcg-core/cards/definitions/neutral/s1_reward_pvp_diamond.ts	1	1	100	LIVE
apps/shared/tcg-core/cards/definitions/neutral/s1_reward_pvp_gold.ts	1	1	100	LIVE
apps/shared/tcg-core/cards/definitions/neutral/s1_reward_pvp_legend.ts	1	1	100	LIVE
apps/shared/tcg-core/cards/definitions/neutral/s1_reward_raid_boss.ts	1	1	100	LIVE
apps/shared/tcg-core/cards/definitions/neutral/s1_reward_raid_contrib.ts	1	1	100	LIVE
apps/shared/tcg-core/cards/definitions/neutral/s1_reward_raid_perfect.ts	1	1	100	LIVE
apps/shared/tcg-core/cards/definitions/neutral/s1_reward_seasonal_s1.ts	1	1	100	LIVE
apps/shared/tcg-core/cards/definitions/neutral/s1_reward_vote_t1_balanced.ts	1	1	100	LIVE
apps/shared/tcg-core/cards/definitions/neutral/s1_reward_vote_t1_empathy.ts	1	1	100	LIVE
apps/shared/tcg-core/cards/definitions/neutral/s1_reward_xmas_charity.ts	1	1	100	LIVE
apps/shared/tcg-core/cards/definitions/neutral/s1_reward_xmas_gift.ts	1	1	100	LIVE
apps/shared/tcg-core/cards/definitions/neutral/s1_song_059_lip_service.ts	1	1	100	LIVE
apps/shared/tcg-core/cards/definitions/neutral/s1_song_060_nonos.ts	1	1	100	LIVE
apps/shared/tcg-core/cards/definitions/neutral/s1_song_061_the_enigmas_lament.ts	1	1	100	LIVE
apps/shared/tcg-core/cards/definitions/neutral/s1_song_062_the_two_witnesses.ts	1	1	100	LIVE
apps/shared/tcg-core/cards/definitions/neutral/s1_song_063_building_the_architect.ts	1	1	100	LIVE
apps/shared/tcg-core/cards/definitions/neutral/s1_song_064_dischordian_logic.ts	1	1	100	LIVE
apps/shared/tcg-core/cards/definitions/neutral/s1_song_065_sixth_sense.ts	1	1	100	LIVE
apps/shared/tcg-core/cards/definitions/neutral/s1_song_066_the_book_of_daniel.ts	1	1	100	LIVE
apps/shared/tcg-core/cards/definitions/neutral/s1_song_070_traces_of_something_spiritual.ts	1	1	100	LIVE
apps/shared/tcg-core/cards/definitions/neutral/s1_song_079_shades_of_grey.ts	1	1	100	LIVE
apps/shared/tcg-core/cards/definitions/neutral/s1_song_084_judgment_day.ts	1	1	100	LIVE
apps/shared/tcg-core/cards/definitions/neutral/s1_spell_123_dischordian_logic.ts	1	1	100	LIVE
apps/shared/tcg-core/cards/definitions/neutral/s1_spell_124_ark_emergency_protocol.ts	1	1	100	LIVE
apps/shared/tcg-core/cards/definitions/new_babylon/gen_new_babylon.ts	1	1	100	LIVE
apps/shared/tcg-core/cards/definitions/new_babylon/s1_char_001_adjudicar_locke.ts	1	1	100	LIVE
apps/shared/tcg-core/cards/definitions/new_babylon/s1_char_003_akai_shi.ts	1	1	100	LIVE
apps/shared/tcg-core/cards/definitions/new_babylon/s1_char_020_the_authority.ts	1	1	100	LIVE
apps/shared/tcg-core/cards/definitions/new_babylon/s1_char_033_the_human.ts	1	1	100	LIVE
apps/shared/tcg-core/cards/definitions/new_babylon/s1_char_061_vexahlia_the_taskmaster.ts	1	1	100	LIVE
apps/shared/tcg-core/cards/definitions/new_babylon/s1_char_066_fenra_the_moon_tyrant.ts	1	1	100	LIVE
apps/shared/tcg-core/cards/definitions/new_babylon/s1_char_078_governor_thane.ts	1	1	100	LIVE
apps/shared/tcg-core/cards/definitions/new_babylon/s1_char_079_citadel_guardian.ts	1	1	100	LIVE
apps/shared/tcg-core/cards/definitions/new_babylon/s1_char_080_district_enforcer.ts	1	1	100	LIVE
apps/shared/tcg-core/cards/definitions/new_babylon/s1_char_081_tribunal_magistrate.ts	1	1	100	LIVE
apps/shared/tcg-core/cards/definitions/new_babylon/s1_char_082_spire_assassin.ts	1	1	100	LIVE
apps/shared/tcg-core/cards/definitions/new_babylon/s1_char_083_propaganda_herald.ts	1	1	100	LIVE
apps/shared/tcg-core/cards/definitions/new_babylon/s1_char_084_iron_decree.ts	1	1	100	LIVE
apps/shared/tcg-core/cards/definitions/new_babylon/s1_char_085_sector_warden.ts	1	1	100	LIVE
apps/shared/tcg-core/cards/definitions/new_babylon/s1_char_117_senator_voss.ts	1	1	100	LIVE
apps/shared/tcg-core/cards/definitions/new_babylon/s1_char_118_trade_enforcer.ts	1	1	100	LIVE
apps/shared/tcg-core/cards/definitions/new_babylon/s1_char_119_syndicate_broker.ts	1	1	100	LIVE
apps/shared/tcg-core/cards/definitions/new_babylon/s1_char_120_crystal_archive_guard.ts	1	1	100	LIVE
apps/shared/tcg-core/cards/definitions/new_babylon/s1_pack_029_hostile_takeover.ts	1	1	100	LIVE
apps/shared/tcg-core/cards/definitions/new_babylon/s1_pack_030_syndicate_enforcer.ts	1	1	100	LIVE
apps/shared/tcg-core/cards/definitions/new_babylon/s1_pack_031_crystal_senator.ts	1	1	100	LIVE
apps/shared/tcg-core/cards/definitions/new_babylon/s1_pack_032_market_crash.ts	1	1	100	LIVE
apps/shared/tcg-core/cards/definitions/new_babylon/s1_pack_033_debt_collector.ts	1	1	100	LIVE
apps/shared/tcg-core/cards/definitions/new_babylon/s1_pack_034_lockes_inner_circle.ts	1	1	100	LIVE
apps/shared/tcg-core/cards/definitions/new_babylon/s1_pack_035_trade_embargo.ts	1	1	100	LIVE
apps/shared/tcg-core/cards/definitions/new_babylon/s1_pack_seed_fighter.ts	1	1	100	LIVE
apps/shared/tcg-core/cards/definitions/new_babylon/s1_pack_seed_trade.ts	1	1	100	LIVE
apps/shared/tcg-core/cards/definitions/new_babylon/s1_reward_casino_high_roller.ts	1	1	100	LIVE
apps/shared/tcg-core/cards/definitions/new_babylon/s1_reward_casino_poker.ts	1	1	100	LIVE
apps/shared/tcg-core/cards/definitions/new_babylon/s1_reward_casino_vip.ts	1	1	100	LIVE
apps/shared/tcg-core/cards/definitions/new_babylon/s1_reward_class_soldier.ts	1	1	100	LIVE
apps/shared/tcg-core/cards/definitions/new_babylon/s1_reward_companion_locke.ts	1	1	100	LIVE
apps/shared/tcg-core/cards/definitions/new_babylon/s1_reward_eidolon_auros.ts	1	1	100	LIVE
apps/shared/tcg-core/cards/definitions/new_babylon/s1_reward_guild_territory.ts	1	1	100	LIVE
apps/shared/tcg-core/cards/definitions/new_babylon/s1_reward_guild_victory.ts	1	1	100	LIVE
apps/shared/tcg-core/cards/definitions/new_babylon/s1_reward_syndicate_build.ts	1	1	100	LIVE
apps/shared/tcg-core/cards/definitions/new_babylon/s1_reward_syndicate_empire.ts	1	1	100	LIVE
apps/shared/tcg-core/cards/definitions/new_babylon/s1_reward_trade_act1.ts	1	1	100	LIVE
apps/shared/tcg-core/cards/definitions/new_babylon/s1_reward_trade_act2.ts	1	1	100	LIVE
apps/shared/tcg-core/cards/definitions/new_babylon/s1_reward_trade_empire.ts	1	1	100	LIVE
apps/shared/tcg-core/cards/definitions/new_babylon/s1_reward_trade_tycoon.ts	1	1	100	LIVE
apps/shared/tcg-core/cards/definitions/new_babylon/s1_spell_116_blood_tax.ts	1	1	100	LIVE
apps/shared/tcg-core/cards/definitions/new_babylon/s1_spell_117_market_manipulation.ts	1	1	100	LIVE
apps/shared/tcg-core/cards/definitions/new_babylon/s1_spell_118_syndicate_contract.ts	1	1	100	LIVE
apps/shared/tcg-core/cards/definitions/new_babylon/s1_spell_119_hostile_acquisition.ts	1	1	100	LIVE
apps/shared/tcg-core/cards/definitions/new_babylon/s1_spell_224_tax_collector.ts	1	1	100	LIVE
apps/shared/tcg-core/cards/definitions/new_babylon/s1_spell_225_bounty_notice.ts	1	1	100	LIVE
apps/shared/tcg-core/cards/definitions/new_babylon/s1_spell_226_crystal_vault.ts	1	1	100	LIVE
apps/shared/tcg-core/cards/definitions/new_babylon/s1_spell_227_leveraged_buyout.ts	1	1	100	LIVE
apps/shared/tcg-core/cards/definitions/new_babylon/s1_spell_228_economic_sanctions.ts	1	1	100	LIVE
apps/shared/tcg-core/cards/definitions/new_babylon/s1_spell_229_liquidation_sale.ts	1	1	100	LIVE
apps/shared/tcg-core/cards/definitions/panopticon/s1_char_050_warden_prime.ts	1	1	100	LIVE
apps/shared/tcg-core/cards/definitions/panopticon/s1_char_051_oculus_sentinel.ts	1	1	100	LIVE
apps/shared/tcg-core/cards/definitions/panopticon/s1_char_052_compliance_officer.ts	1	1	100	LIVE
apps/shared/tcg-core/cards/definitions/panopticon/s1_char_053_data_harvester.ts	1	1	100	LIVE
apps/shared/tcg-core/cards/definitions/panopticon/s1_char_054_panoptic_drone.ts	1	1	100	LIVE
apps/shared/tcg-core/cards/definitions/panopticon/s1_char_055_thought_censor.ts	1	1	100	LIVE
apps/shared/tcg-core/cards/definitions/panopticon/s1_char_056_registry_clerk.ts	1	1	100	LIVE
apps/shared/tcg-core/cards/definitions/panopticon/s1_char_057_blacksite_interrogator.ts	1	1	100	LIVE
apps/shared/tcg-core/cards/definitions/thought_virus/gen_thought_virus.ts	1	1	100	LIVE
apps/shared/tcg-core/cards/definitions/thought_virus/s1_char_032_the_host.ts	1	1	100	LIVE
apps/shared/tcg-core/cards/definitions/thought_virus/s1_char_049_the_source.ts	1	1	100	LIVE
apps/shared/tcg-core/cards/definitions/thought_virus/s1_char_070_patient_zero.ts	1	1	100	LIVE
apps/shared/tcg-core/cards/definitions/thought_virus/s1_char_071_neural_parasite.ts	1	1	100	LIVE
apps/shared/tcg-core/cards/definitions/thought_virus/s1_char_072_memetic_carrier.ts	1	1	100	LIVE
apps/shared/tcg-core/cards/definitions/thought_virus/s1_char_073_cognitive_blight.ts	1	1	100	LIVE
apps/shared/tcg-core/cards/definitions/thought_virus/s1_char_074_vector_swarm.ts	1	1	100	LIVE
apps/shared/tcg-core/cards/definitions/thought_virus/s1_char_075_plague_herald.ts	1	1	100	LIVE
apps/shared/tcg-core/cards/definitions/thought_virus/s1_char_076_synaptic_horror.ts	1	1	100	LIVE
apps/shared/tcg-core/cards/definitions/thought_virus/s1_char_077_mind_rot_drone.ts	1	1	100	LIVE
apps/shared/tcg-core/cards/definitions/thought_virus/s1_char_113_terminus_sovereign.ts	1	1	100	LIVE
apps/shared/tcg-core/cards/definitions/thought_virus/s1_char_114_viral_vector.ts	1	1	100	LIVE
apps/shared/tcg-core/cards/definitions/thought_virus/s1_char_115_consumed_host.ts	1	1	100	LIVE
apps/shared/tcg-core/cards/definitions/thought_virus/s1_char_116_neural_plague_carrier.ts	1	1	100	LIVE
apps/shared/tcg-core/cards/definitions/thought_virus/s1_char_200_cortex_ravager.ts	1	1	100	LIVE
apps/shared/tcg-core/cards/definitions/thought_virus/s1_pack_022_viral_bloom.ts	1	1	100	LIVE
apps/shared/tcg-core/cards/definitions/thought_virus/s1_pack_023_infected_drone.ts	1	1	100	LIVE
apps/shared/tcg-core/cards/definitions/thought_virus/s1_pack_024_plague_architect.ts	1	1	100	LIVE
apps/shared/tcg-core/cards/definitions/thought_virus/s1_pack_025_corruption_wave.ts	1	1	100	LIVE
apps/shared/tcg-core/cards/definitions/thought_virus/s1_pack_026_neural_hive.ts	1	1	100	LIVE
apps/shared/tcg-core/cards/definitions/thought_virus/s1_pack_027_terminus_dreadnought.ts	1	1	100	LIVE
apps/shared/tcg-core/cards/definitions/thought_virus/s1_pack_028_spore_cloud.ts	1	1	100	LIVE
apps/shared/tcg-core/cards/definitions/thought_virus/s1_pack_cosm_armor_void.ts	1	1	100	LIVE
apps/shared/tcg-core/cards/definitions/thought_virus/s1_pack_cosm_board_void.ts	1	1	100	LIVE
apps/shared/tcg-core/cards/definitions/thought_virus/s1_pack_cosm_tower_skin.ts	1	1	100	LIVE
apps/shared/tcg-core/cards/definitions/thought_virus/s1_pack_id_kael_patient_zero.ts	1	1	100	LIVE
apps/shared/tcg-core/cards/definitions/thought_virus/s1_pack_id_kael_source.ts	1	1	100	LIVE
apps/shared/tcg-core/cards/definitions/thought_virus/s1_pack_pet_void_crawler_1.ts	1	1	100	LIVE
apps/shared/tcg-core/cards/definitions/thought_virus/s1_pack_pet_void_crawler_2.ts	1	1	100	LIVE
apps/shared/tcg-core/cards/definitions/thought_virus/s1_pack_pet_void_crawler_3.ts	1	1	100	LIVE
apps/shared/tcg-core/cards/definitions/thought_virus/s1_reward_boss_source.ts	1	1	100	LIVE
apps/shared/tcg-core/cards/definitions/thought_virus/s1_reward_circuit_1st.ts	1	1	100	LIVE
apps/shared/tcg-core/cards/definitions/thought_virus/s1_reward_circuit_survive.ts	1	1	100	LIVE
apps/shared/tcg-core/cards/definitions/thought_virus/s1_reward_class_assassin.ts	1	1	100	LIVE
apps/shared/tcg-core/cards/definitions/thought_virus/s1_reward_companion_kael.ts	1	1	100	LIVE
apps/shared/tcg-core/cards/definitions/thought_virus/s1_reward_crew_sacrifice.ts	1	1	100	LIVE
apps/shared/tcg-core/cards/definitions/thought_virus/s1_reward_cycle_dark.ts	1	1	100	LIVE
apps/shared/tcg-core/cards/definitions/thought_virus/s1_reward_eidolon_strain.ts	1	1	100	LIVE
apps/shared/tcg-core/cards/definitions/thought_virus/s1_reward_outbreak_contain.ts	1	1	100	LIVE
apps/shared/tcg-core/cards/definitions/thought_virus/s1_reward_palimpsest_noise.ts	1	1	100	LIVE
apps/shared/tcg-core/cards/definitions/thought_virus/s1_reward_swarm_champion.ts	1	1	100	LIVE
apps/shared/tcg-core/cards/definitions/thought_virus/s1_reward_swarm_survive.ts	1	1	100	LIVE
apps/shared/tcg-core/cards/definitions/thought_virus/s1_spell_112_viral_cascade.ts	1	1	100	LIVE
apps/shared/tcg-core/cards/definitions/thought_virus/s1_spell_113_memory_consumption.ts	1	1	100	LIVE
apps/shared/tcg-core/cards/definitions/thought_virus/s1_spell_114_neural_overwrite.ts	1	1	100	LIVE
apps/shared/tcg-core/cards/definitions/thought_virus/s1_spell_115_nihilistic_mercy.ts	1	1	100	LIVE
apps/shared/tcg-core/cards/definitions/thought_virus/s1_spell_218_infection_vector.ts	1	1	100	LIVE
apps/shared/tcg-core/cards/definitions/thought_virus/s1_spell_219_plague_wind.ts	1	1	100	LIVE
apps/shared/tcg-core/cards/definitions/thought_virus/s1_spell_220_assimilate.ts	1	1	100	LIVE
apps/shared/tcg-core/cards/definitions/thought_virus/s1_spell_221_cognitive_decay.ts	1	1	100	LIVE
apps/shared/tcg-core/cards/definitions/thought_virus/s1_spell_222_terminal_stage.ts	1	1	100	LIVE
apps/shared/tcg-core/cards/definitions/thought_virus/s1_spell_223_spore_burst.ts	1	1	100	LIVE
apps/shared/tcg-core/cards/tokens/tok_calculation.ts	1	1	100	LIVE
apps/shared/tcg-core/cards/tokens/tok_dream_wisp_1_1.ts	1	1	100	LIVE
apps/shared/tcg-core/cards/tokens/tok_infected_2_2.ts	1	1	100	LIVE
apps/shared/tcg-core/cards/tokens/tok_spore_1_1.ts	1	1	100	LIVE
apps/shared/tcg-core/cards/tokens/token_crystal_senator_5_5.ts	1	1	100	LIVE
apps/shared/tcg-core/cards/tokens/token_wolf_2_2.ts	1	1	100	LIVE
