registry,consumers
casinoAssets,2
preludeAct1Deliverables,2
tradeEmpireArtAssets,2
nanobanna2Assets,8
optionalComponentAssets,5
cadesAssets,1
dmcAssets,1
mascoteers,1
mechronisProfessors,2
mechronisSlideshow,1
celebrationSlideshow,1
musicRegistry,1
act2Interlude,8
songSlideshows,9
preludeSequence,4
arenaAssets,0
terminusCinematicAssets,0
christmasInJulyAssets,0
darrenMemorial,0
westByGodTracks,1
outergroove,1
season1-cards,0
transmissions,9
starterEidolonForms,0
celebrationParkMap,1
mechronisHouses,1
mechronisClassmates,1
antiquarianChronicle,2
chessSfx,0
characterSprites,4
