200	https://dgrsart.s3.us-east-2.amazonaws.com/cdn/client-public/videos/epochs/epoch-0/ep07-the-oracle.mp4	apps/client/src/components/DiscoveryVideoOverlay.tsx
200	https://dgrsart.s3.us-east-2.amazonaws.com/cdn/client-public/art/loading/loading-celebration.png	apps/client/src/components/LoadingScreen.tsx
200	https://dgrsart.s3.us-east-2.amazonaws.com/cdn/client-public/art/vfx/prelude/diploma-ink-bloom.webm	apps/client/src/components/prelude/beatEHotspots.ts
200	https://dgrsart.s3.us-east-2.amazonaws.com/cdn/client-public/art/loading/loading-matrix-of-dreams.png	apps/client/src/components/LoadingScreen.tsx
200	https://dgrsart.s3.us-east-2.amazonaws.com/cdn/client-public/art/loading/loading-bridge.png	apps/client/src/components/LoadingScreen.tsx
200	https://dgrsart.s3.us-east-2.amazonaws.com/cdn/client-public/videos/epochs/epoch-0/ep03-agent-zero.mp4	apps/client/src/components/DiscoveryVideoOverlay.tsx
200	https://dgrsart.s3.us-east-2.amazonaws.com/cdn/client-public/art/cades/characters/char-1d-elara.png	apps/client/src/data/cadesAssets.ts
200	https://dgrsart.s3.us-east-2.amazonaws.com/cdn/client-public/art/cades/characters/char-1f-game-master-human.png	apps/client/src/data/cadesAssets.ts
403	https://dgrsart.s3.us-east-2.amazonaws.com/cdn/client-public/art/arenas/	apps/client/src/data/arenaAssets.ts
200	https://dgrsart.s3.us-east-2.amazonaws.com/cdn/client-public/videos/epochs/epoch-0/ep05-the-spy.mp4	apps/client/src/components/DiscoveryVideoOverlay.tsx
200	https://dgrsart.s3.us-east-2.amazonaws.com/cdn/client-public/art/cades/characters/char-1b-iron-lion-full.png	apps/client/src/data/cadesAssets.ts
200	https://dgrsart.s3.us-east-2.amazonaws.com/cdn/client-public/art/arenas/arena-the-crucible.jpg	apps/client/src/data/arenaAssets.ts
200	https://dgrsart.s3.us-east-2.amazonaws.com/cdn/client-public/art/arenas/arena-thaloria.jpg	apps/client/src/data/arenaAssets.ts
403	https://dgrsart.s3.us-east-2.amazonaws.com/cdn/client-public/art/rooms/room-dreams-workshop-subbasement.webp	apps/client/src/contexts/GameContext.tsx
200	https://dgrsart.s3.us-east-2.amazonaws.com/cdn/client-public/art/cades/enemies/enemy-2f-reclamation-enforcer.png	apps/client/src/data/cadesAssets.ts
200	https://dgrsart.s3.us-east-2.amazonaws.com/cdn/client-public/art/arenas/arena-mechronis.jpg	apps/client/src/data/arenaAssets.ts
200	https://dgrsart.s3.us-east-2.amazonaws.com/cdn/client-public/audio/music/song_last_words_prelude_tease.mp3	apps/client/src/components/prelude/lastWordsTimeline.ts
200	https://dgrsart.s3.us-east-2.amazonaws.com/cdn/client-public/art/loading/loading-terminus.png	apps/client/src/components/LoadingScreen.tsx
200	https://dgrsart.s3.us-east-2.amazonaws.com/cdn/client-public/videos/epochs/epoch-0/ep04-iron-lion.mp4	apps/client/src/components/DiscoveryVideoOverlay.tsx
200	https://dgrsart.s3.us-east-2.amazonaws.com/cdn/client-public/art/loading/loading-combat.png	apps/client/src/components/LoadingScreen.tsx
403	https://dgrsart.s3.us-east-2.amazonaws.com/cdn/client-public/art/rooms/room-guild-sanctum.webp	apps/client/src/contexts/GameContext.tsx
200	https://dgrsart.s3.us-east-2.amazonaws.com/cdn/client-public/art/arenas/arena-terminus.jpg	apps/client/src/data/arenaAssets.ts
200	https://dgrsart.s3.us-east-2.amazonaws.com/cdn/client-public/art/arenas/arena-new-babylon.jpg	apps/client/src/data/arenaAssets.ts
200	https://dgrsart.s3.us-east-2.amazonaws.com/cdn/client-public/art/cades/characters/char-1e-thoughtborn-leader.png	apps/client/src/data/cadesAssets.ts
200	https://dgrsart.s3.us-east-2.amazonaws.com/cdn/client-public/art/card-game/card-back-dischordia.png	apps/client/src/components/GameCard.tsx
200	https://dgrsart.s3.us-east-2.amazonaws.com/cdn/client-public/art/cades/enemies/enemy-2a-machine-scout.png	apps/client/src/data/cadesAssets.ts
403	https://dgrsart.s3.us-east-2.amazonaws.com/cdn/client-public/art/card-game/card-back-seer.png	apps/client/src/components/act1/SeerCardFlicker.tsx
200	https://dgrsart.s3.us-east-2.amazonaws.com/cdn/client-public/art/cades/enemies/enemy-2d-machine-disruptor.png	apps/client/src/data/cadesAssets.ts
403	https://dgrsart.s3.us-east-2.amazonaws.com/cdn/client-public/art/rooms/room-station-dock.webp	apps/client/src/contexts/GameContext.tsx
200	https://dgrsart.s3.us-east-2.amazonaws.com/cdn/client-public/art/cades/characters/char-1g-game-master-robot.png	apps/client/src/data/cadesAssets.ts
200	https://dgrsart.s3.us-east-2.amazonaws.com/cdn/client-public/videos/epochs/epoch-0/ep02-the-meme.mp4	apps/client/src/components/DiscoveryVideoOverlay.tsx
200	https://dgrsart.s3.us-east-2.amazonaws.com/cdn/client-public/art/cades/characters/char-1e-thoughtborn-leader-boss-splash.png	apps/client/src/data/cadesAssets.ts
403	https://dgrsart.s3.us-east-2.amazonaws.com/cdn/client-public/audio/antiquarian	apps/client/src/components/act1/TwoWitnessesPart2.tsx
200	https://dgrsart.s3.us-east-2.amazonaws.com/cdn/client-public/art/cades/characters/char-1a-iron-lion-portrait.png	apps/client/src/data/cadesAssets.ts
403	https://dgrsart.s3.us-east-2.amazonaws.com/cdn/client-public/art/rooms/room-war-room.webp	apps/client/src/contexts/GameContext.tsx
200	https://dgrsart.s3.us-east-2.amazonaws.com/cdn/client-public/art/arenas/arena-panopticon.jpg	apps/client/src/data/arenaAssets.ts
403	https://dgrsart.s3.us-east-2.amazonaws.com/cdn/client-public/audio/music/song_last_words_prelude_full.mp3	apps/client/src/components/act1/act1CycleCWitnessing.ts
200	https://dgrsart.s3.us-east-2.amazonaws.com/cdn/client-public/art/arenas/arena-the-blood-weave.jpg	apps/client/src/data/arenaAssets.ts
200	https://dgrsart.s3.us-east-2.amazonaws.com/cdn/client-public/art/cades/enemies/enemy-2c-machine-vanguard.png	apps/client/src/data/cadesAssets.ts
200	https://dgrsart.s3.us-east-2.amazonaws.com/cdn/client-public/art/cades/enemies/enemy-2e-machine-commander.png	apps/client/src/data/cadesAssets.ts
200	https://dgrsart.s3.us-east-2.amazonaws.com/cdn/client-public/art/cades/characters/char-1c-iron-lion-sprite.png	apps/client/src/data/cadesAssets.ts
200	https://dgrsart.s3.us-east-2.amazonaws.com/cdn/client-public/art/vfx/prelude/film-damage.webm	apps/client/src/components/prelude/BeatEFlashback.tsx
200	https://dgrsart.s3.us-east-2.amazonaws.com/cdn/client-public/art/mechronis/environments/mechronis_grand_hall.jpg	apps/client/src/components/SortingCeremony.tsx
200	https://dgrsart.s3.us-east-2.amazonaws.com/cdn/client-public/art/cades/enemies/enemy-2b-machine-soldier.png	apps/client/src/data/cadesAssets.ts
200	https://dgrsart.s3.us-east-2.amazonaws.com/cdn/client-public/art/arenas/arena-shadow-sanctum.jpg	apps/client/src/data/arenaAssets.ts
403	https://dgrsart.s3.us-east-2.amazonaws.com/cdn/client-public/art/rooms/room-social-hub.webp	apps/client/src/contexts/GameContext.tsx
200	https://dgrsart.s3.us-east-2.amazonaws.com/cdn/client-public/art/loading/loading-archives.png	apps/client/src/components/LoadingScreen.tsx
200	https://dgrsart.s3.us-east-2.amazonaws.com/cdn/client-public/art/loading/loading-trade.png	apps/client/src/components/LoadingScreen.tsx
200	https://dgrsart.s3.us-east-2.amazonaws.com/cdn/client-public/art/cades/enemies/enemy-2h-salvager.png	apps/client/src/data/cadesAssets.ts
200	https://dgrsart.s3.us-east-2.amazonaws.com/cdn/client-public/art/cades/enemies/enemy-2g-reclamation-commander.png	apps/client/src/data/cadesAssets.ts
200	https://dgrsart.s3.us-east-2.amazonaws.com/cdn/client-public/art/cades/enemies/enemy-2j-thoughtborn-pilgrim.png	apps/client/src/data/cadesAssets.ts
200	https://dgrsart.s3.us-east-2.amazonaws.com/cdn/client-public/art/cades/enemies/enemy-2i-salvager-leader.png	apps/client/src/data/cadesAssets.ts
200	https://dgrsart.s3.us-east-2.amazonaws.com/cdn/client-public/art/cades/enemies/enemy-2k-architect-construct.png	apps/client/src/data/cadesAssets.ts
200	https://dgrsart.s3.us-east-2.amazonaws.com/cdn/client-public/art/cades/enemies/enemy-2l-hierarchy-assassin.png	apps/client/src/data/cadesAssets.ts
200	https://dgrsart.s3.us-east-2.amazonaws.com/cdn/client-public/art/cades/enemies/enemy-2o-hierarchy-strike.png	apps/client/src/data/cadesAssets.ts
200	https://dgrsart.s3.us-east-2.amazonaws.com/cdn/client-public/art/cades/enemies/enemy-2m-collector-drone.png	apps/client/src/data/cadesAssets.ts
200	https://dgrsart.s3.us-east-2.amazonaws.com/cdn/client-public/art/cades/enemies/enemy-2n-reality-shard.png	apps/client/src/data/cadesAssets.ts
200	https://dgrsart.s3.us-east-2.amazonaws.com/cdn/client-public/art/cades/environments/env-3b-bridge-floor.png	apps/client/src/data/cadesAssets.ts
200	https://dgrsart.s3.us-east-2.amazonaws.com/cdn/client-public/art/cades/environments/env-3a-bridge-skybox.png	apps/client/src/data/cadesAssets.ts
200	https://dgrsart.s3.us-east-2.amazonaws.com/cdn/client-public/art/cades/environments/env-3e-ark-cargo-wall.png	apps/client/src/data/cadesAssets.ts
200	https://dgrsart.s3.us-east-2.amazonaws.com/cdn/client-public/art/cades/environments/env-3c-bridge-barricade.png	apps/client/src/data/cadesAssets.ts
200	https://dgrsart.s3.us-east-2.amazonaws.com/cdn/client-public/art/cades/environments/env-3f-ark-starfield.png	apps/client/src/data/cadesAssets.ts
200	https://dgrsart.s3.us-east-2.amazonaws.com/cdn/client-public/art/cades/environments/env-3d-ark-engineering-wall.png	apps/client/src/data/cadesAssets.ts
200	https://dgrsart.s3.us-east-2.amazonaws.com/cdn/client-public/art/cades/environments/env-3g-matrix-void.png	apps/client/src/data/cadesAssets.ts
200	https://dgrsart.s3.us-east-2.amazonaws.com/cdn/client-public/art/cades/props/prop-4a-cades-inactive.png	apps/client/src/data/cadesAssets.ts
200	https://dgrsart.s3.us-east-2.amazonaws.com/cdn/client-public/art/cades/environments/env-3h-matrix-pillar.png	apps/client/src/data/cadesAssets.ts
200	https://dgrsart.s3.us-east-2.amazonaws.com/cdn/client-public/art/cades/props/prop-4b-cades-active.png	apps/client/src/data/cadesAssets.ts
200	https://dgrsart.s3.us-east-2.amazonaws.com/cdn/client-public/art/cades/props/prop-4d-engineering-manifest.png	apps/client/src/data/cadesAssets.ts
200	https://dgrsart.s3.us-east-2.amazonaws.com/cdn/client-public/art/cades/props/prop-4c-iron-lion-note.png	apps/client/src/data/cadesAssets.ts
200	https://dgrsart.s3.us-east-2.amazonaws.com/cdn/client-public/art/cades/props/prop-4f-old-photograph.png	apps/client/src/data/cadesAssets.ts
200	https://dgrsart.s3.us-east-2.amazonaws.com/cdn/client-public/art/cades/props/prop-4g-goggles.png	apps/client/src/data/cadesAssets.ts
200	https://dgrsart.s3.us-east-2.amazonaws.com/cdn/client-public/art/cades/props/prop-4e-cargo-jacket.png	apps/client/src/data/cadesAssets.ts
200	https://dgrsart.s3.us-east-2.amazonaws.com/cdn/client-public/art/cades/ui/ui-5a-mode-select-bg.png	apps/client/src/data/cadesAssets.ts
200	https://dgrsart.s3.us-east-2.amazonaws.com/cdn/client-public/art/cades/ui/ui-5b-gm-transmission-bg.png	apps/client/src/data/cadesAssets.ts
200	https://dgrsart.s3.us-east-2.amazonaws.com/cdn/client-public/art/cades/ui/ui-5c-open-channel-bg.png	apps/client/src/data/cadesAssets.ts
200	https://dgrsart.s3.us-east-2.amazonaws.com/cdn/client-public/art/cades/ui/ui-5d-loop-reset-dawn.png	apps/client/src/data/cadesAssets.ts
200	https://dgrsart.s3.us-east-2.amazonaws.com/cdn/client-public/art/cades/ui/ui-5e-shield-bar.png	apps/client/src/data/cadesAssets.ts
200	https://dgrsart.s3.us-east-2.amazonaws.com/cdn/client-public/audio/cades/sfx/cades_sfx_ironclad_fire.wav	apps/client/src/data/cadesAssets.ts
200	https://dgrsart.s3.us-east-2.amazonaws.com/cdn/client-public/audio/cades/sfx/cades_sfx_resistance_rifle_fire.wav	apps/client/src/data/cadesAssets.ts
200	https://dgrsart.s3.us-east-2.amazonaws.com/cdn/client-public/audio/cades/sfx/cades_sfx_bridge_anchor_fire.wav	apps/client/src/data/cadesAssets.ts
200	https://dgrsart.s3.us-east-2.amazonaws.com/cdn/client-public/audio/cades/sfx/cades_sfx_resonance_disruptor_fire.wav	apps/client/src/data/cadesAssets.ts
200	https://dgrsart.s3.us-east-2.amazonaws.com/cdn/client-public/audio/cades/sfx/cades_sfx_arc_caster_fire.wav	apps/client/src/data/cadesAssets.ts
200	https://dgrsart.s3.us-east-2.amazonaws.com/cdn/client-public/audio/cades/sfx/cades_sfx_severance_blade_fire.wav	apps/client/src/data/cadesAssets.ts
200	https://dgrsart.s3.us-east-2.amazonaws.com/cdn/client-public/audio/cades/sfx/cades_sfx_integrity_charge.wav	apps/client/src/data/cadesAssets.ts
200	https://dgrsart.s3.us-east-2.amazonaws.com/cdn/client-public/audio/cades/sfx/cades_sfx_machine_shutdown.wav	apps/client/src/data/cadesAssets.ts
200	https://dgrsart.s3.us-east-2.amazonaws.com/cdn/client-public/audio/cades/sfx/cades_sfx_machine_hit.wav	apps/client/src/data/cadesAssets.ts
200	https://dgrsart.s3.us-east-2.amazonaws.com/cdn/client-public/audio/cades/sfx/cades_sfx_faction_hurt.wav	apps/client/src/data/cadesAssets.ts
200	https://dgrsart.s3.us-east-2.amazonaws.com/cdn/client-public/audio/cades/sfx/cades_sfx_machine_fire.wav	apps/client/src/data/cadesAssets.ts
200	https://dgrsart.s3.us-east-2.amazonaws.com/cdn/client-public/audio/cades/sfx/cades_sfx_faction_down.wav	apps/client/src/data/cadesAssets.ts
200	https://dgrsart.s3.us-east-2.amazonaws.com/cdn/client-public/audio/cades/sfx/cades_sfx_faction_fire.wav	apps/client/src/data/cadesAssets.ts
200	https://dgrsart.s3.us-east-2.amazonaws.com/cdn/client-public/audio/cades/sfx/cades_sfx_integrity_restored.wav	apps/client/src/data/cadesAssets.ts
200	https://dgrsart.s3.us-east-2.amazonaws.com/cdn/client-public/audio/cades/sfx/cades_sfx_integrity_breach.wav	apps/client/src/data/cadesAssets.ts
200	https://dgrsart.s3.us-east-2.amazonaws.com/cdn/client-public/audio/cades/sfx/cades_sfx_game_masters_transmission.wav	apps/client/src/data/cadesAssets.ts
200	https://dgrsart.s3.us-east-2.amazonaws.com/cdn/client-public/audio/cades/sfx/cades_sfx_loop_reset_dawn.wav	apps/client/src/data/cadesAssets.ts
200	https://dgrsart.s3.us-east-2.amazonaws.com/cdn/client-public/audio/cades/music/cades_music_the_last_torch.wav	apps/client/src/data/cadesAssets.ts
200	https://dgrsart.s3.us-east-2.amazonaws.com/cdn/client-public/audio/cades/music/cades_music_they_are_committing.wav	apps/client/src/data/cadesAssets.ts
200	https://dgrsart.s3.us-east-2.amazonaws.com/cdn/client-public/audio/cades/sfx/cades_sfx_signal_lost.wav	apps/client/src/data/cadesAssets.ts
200	https://dgrsart.s3.us-east-2.amazonaws.com/cdn/client-public/audio/cades/sfx/cades_sfx_breach_alarm.wav	apps/client/src/data/cadesAssets.ts
200	https://dgrsart.s3.us-east-2.amazonaws.com/cdn/client-public/audio/cades/sfx/cades_sfx_thoughtborn_approach.wav	apps/client/src/data/cadesAssets.ts
200	https://dgrsart.s3.us-east-2.amazonaws.com/cdn/client-public/audio/cades/sfx/cades_sfx_iron_lion_salute.wav	apps/client/src/data/cadesAssets.ts
200	https://dgrsart.s3.us-east-2.amazonaws.com/cdn/client-public/audio/cades/music/cades_music_hull_pressure.mp3	apps/client/src/data/cadesAssets.ts
200	https://dgrsart.s3.us-east-2.amazonaws.com/cdn/client-public/audio/cades/music/cades_music_secondary_channel.wav	apps/client/src/data/cadesAssets.ts
200	https://dgrsart.s3.us-east-2.amazonaws.com/cdn/client-public/audio/cades/sfx/cades_sfx_channel_open.wav	apps/client/src/data/cadesAssets.ts
200	https://dgrsart.s3.us-east-2.amazonaws.com/cdn/client-public/audio/cades/music/cades_music_the_torch_and_the_voice.mp3	apps/client/src/data/cadesAssets.ts
200	https://dgrsart.s3.us-east-2.amazonaws.com/cdn/client-public/audio/cades/music/cades_music_archived_silence.wav	apps/client/src/data/cadesAssets.ts
200	https://dgrsart.s3.us-east-2.amazonaws.com/cdn/client-public/audio/cades/music/cades_music_the_ships_escaped.mp3	apps/client/src/data/cadesAssets.ts
200	https://dgrsart.s3.us-east-2.amazonaws.com/cdn/client-public/art/cades/video-frames/video-9b-cades-activation-end.png	apps/client/src/data/cadesAssets.ts
200	https://dgrsart.s3.us-east-2.amazonaws.com/cdn/client-public/art/cades/video-frames/video-9a-loop-reset-end.jpg	apps/client/src/data/cadesAssets.ts
200	https://dgrsart.s3.us-east-2.amazonaws.com/cdn/client-public/art/cades/video-frames/video-9c-iron-lion-salute-end.png	apps/client/src/data/cadesAssets.ts
200	https://dgrsart.s3.us-east-2.amazonaws.com/cdn/client-public/art/cades/video-frames/video-9e-thoughtborn-arrival-end.png	apps/client/src/data/cadesAssets.ts
403	https://dgrsart.s3.us-east-2.amazonaws.com/cdn/client-public/audio/cades/sfx/	apps/client/src/data/cadesAssets.ts
200	https://dgrsart.s3.us-east-2.amazonaws.com/cdn/client-public/art/cades/video-frames/video-9d-game-master-betrayal-end.png	apps/client/src/data/cadesAssets.ts
403	https://dgrsart.s3.us-east-2.amazonaws.com/cdn/client-public/art/cades/environments/	apps/client/src/data/cadesAssets.ts
403	https://dgrsart.s3.us-east-2.amazonaws.com/cdn/client-public/art/cades/props/	apps/client/src/data/cadesAssets.ts
403	https://dgrsart.s3.us-east-2.amazonaws.com/cdn/client-public/audio/cades/music/	apps/client/src/data/cadesAssets.ts
403	https://dgrsart.s3.us-east-2.amazonaws.com/cdn/client-public/art/cades/enemies/	apps/client/src/data/cadesAssets.ts
403	https://dgrsart.s3.us-east-2.amazonaws.com/cdn/client-public/art/cades/characters/	apps/client/src/data/cadesAssets.ts
403	https://dgrsart.s3.us-east-2.amazonaws.com/cdn/client-public/art/cades/ui/	apps/client/src/data/cadesAssets.ts
403	https://dgrsart.s3.us-east-2.amazonaws.com/cdn/client-public/art/cades/video-frames/	apps/client/src/data/cadesAssets.ts
200	https://dgrsart.s3.us-east-2.amazonaws.com/cdn/client-public/art/celebration/celebration-eye-garden.png	apps/client/src/data/celebrationSlideshow.ts
200	https://dgrsart.s3.us-east-2.amazonaws.com/cdn/client-public/art/celebration/celebration-schoolhouse.png	apps/client/src/data/celebrationSlideshow.ts
200	https://dgrsart.s3.us-east-2.amazonaws.com/cdn/client-public/art/celebration/celebration-forge-yard.png	apps/client/src/data/celebrationSlideshow.ts
200	https://dgrsart.s3.us-east-2.amazonaws.com/cdn/client-public/art/celebration/celebration-chorus-pavilion.png	apps/client/src/data/celebrationSlideshow.ts
200	https://dgrsart.s3.us-east-2.amazonaws.com/cdn/client-public/art/celebration/celebration-town-square.png	apps/client/src/data/celebrationSlideshow.ts
200	https://dgrsart.s3.us-east-2.amazonaws.com/cdn/client-public/art/celebration/celebration-trading-jars.png	apps/client/src/data/celebrationSlideshow.ts
200	https://dgrsart.s3.us-east-2.amazonaws.com/cdn/client-public/art/celebration/celebration-puzzle-garden.png	apps/client/src/data/celebrationSlideshow.ts
403	https://dgrsart.s3.us-east-2.amazonaws.com/cdn/client-public/audio/music/celebration/welcome-to-celebration.mp3	apps/client/src/data/celebrationSlideshow.ts
200	https://dgrsart.s3.us-east-2.amazonaws.com/cdn/client-public/art/celebration/celebration-by-night.png	apps/client/src/data/celebrationSlideshow.ts
403	https://dgrsart.s3.us-east-2.amazonaws.com/cdn/client-public/art/specimens/lux	apps/client/src/data/companions/starterEidolonForms.ts
403	https://dgrsart.s3.us-east-2.amazonaws.com/cdn/client-public/art/specimens/echo	apps/client/src/data/companions/starterEidolonForms.ts
403	https://dgrsart.s3.us-east-2.amazonaws.com/cdn/client-public/art/specimens/glyph	apps/client/src/data/companions/starterEidolonForms.ts
403	https://dgrsart.s3.us-east-2.amazonaws.com/cdn/client-public/art/specimens/flicker	apps/client/src/data/companions/starterEidolonForms.ts
403	https://dgrsart.s3.us-east-2.amazonaws.com/cdn/client-public/art/specimens/gilt	apps/client/src/data/companions/starterEidolonForms.ts
403	https://dgrsart.s3.us-east-2.amazonaws.com/cdn/client-public/art/specimens/cipher	apps/client/src/data/companions/starterEidolonForms.ts
200	https://dgrsart.s3.us-east-2.amazonaws.com/cdn/client-public/art/dmc/environments/dmc_env_the-trench_1920x1080.jpg	apps/client/src/data/dmcAssets.ts
200	https://dgrsart.s3.us-east-2.amazonaws.com/cdn/client-public/art/dmc/environments/dmc_env_nilmorg-platform_1920x1080.jpg	apps/client/src/data/dmcAssets.ts
200	https://dgrsart.s3.us-east-2.amazonaws.com/cdn/client-public/art/dmc/environments/dmc_env_speed-conduit_1920x1080.jpg	apps/client/src/data/dmcAssets.ts
200	https://dgrsart.s3.us-east-2.amazonaws.com/cdn/client-public/art/dmc/environments/dmc_env_bone-lane_1920x1080.jpg	apps/client/src/data/dmcAssets.ts
200	https://dgrsart.s3.us-east-2.amazonaws.com/cdn/client-public/art/dmc/environments/dmc_env_dead-straight_1920x1080.jpg	apps/client/src/data/dmcAssets.ts
200	https://dgrsart.s3.us-east-2.amazonaws.com/cdn/client-public/art/dmc/environments/dmc_env_starting-grid_1920x1080.jpg	apps/client/src/data/dmcAssets.ts
200	https://dgrsart.s3.us-east-2.amazonaws.com/cdn/client-public/art/dmc/environments/dmc_env_clone-vat_1920x1080.jpg	apps/client/src/data/dmcAssets.ts
200	https://dgrsart.s3.us-east-2.amazonaws.com/cdn/client-public/music/dmc/dmc_music_nilmorg-watches.mp3	apps/client/src/data/dmcAssets.ts
200	https://dgrsart.s3.us-east-2.amazonaws.com/cdn/client-public/music/dmc/dmc_music_terminal-velocity.mp3	apps/client/src/data/dmcAssets.ts
200	https://dgrsart.s3.us-east-2.amazonaws.com/cdn/client-public/music/dmc/dmc_music_bone-lane.mp3	apps/client/src/data/dmcAssets.ts
200	https://dgrsart.s3.us-east-2.amazonaws.com/cdn/client-public/music/dmc/dmc_music_severance-prize.mp3	apps/client/src/data/dmcAssets.ts
200	https://dgrsart.s3.us-east-2.amazonaws.com/cdn/client-public/music/dmc/dmc_music_signal-lost.mp3	apps/client/src/data/dmcAssets.ts
200	https://dgrsart.s3.us-east-2.amazonaws.com/cdn/client-public/music/dmc/dmc_music_phase-three.mp3	apps/client/src/data/dmcAssets.ts
200	https://dgrsart.s3.us-east-2.amazonaws.com/cdn/client-public/videos/dmc/dmc_cin_circuit-opens.mp4	apps/client/src/data/dmcAssets.ts
200	https://dgrsart.s3.us-east-2.amazonaws.com/cdn/client-public/videos/dmc/dmc_cin_clone-awakening.mp4	apps/client/src/data/dmcAssets.ts
200	https://dgrsart.s3.us-east-2.amazonaws.com/cdn/client-public/videos/dmc/dmc_cin_the-race.mp4	apps/client/src/data/dmcAssets.ts
200	https://dgrsart.s3.us-east-2.amazonaws.com/cdn/client-public/videos/dmc/dmc_cin_nilmorg-speaks.mp4	apps/client/src/data/dmcAssets.ts
200	https://dgrsart.s3.us-east-2.amazonaws.com/cdn/client-public/videos/dmc/dmc_cin_severance-prize.mp4	apps/client/src/data/dmcAssets.ts
200	https://dgrsart.s3.us-east-2.amazonaws.com/cdn/client-public/videos/dmc/dmc_cin_clone-awakening-v2.mp4	apps/client/src/data/dmcAssets.ts
200	https://dgrsart.s3.us-east-2.amazonaws.com/cdn/client-public/videos/dmc/dmc_cin_signal-lost.mp4	apps/client/src/data/dmcAssets.ts
200	https://dgrsart.s3.us-east-2.amazonaws.com/cdn/client-public/videos/dmc/dmc_cin_race-tracking.mp4	apps/client/src/data/dmcAssets.ts
200	https://dgrsart.s3.us-east-2.amazonaws.com/cdn/client-public/videos/dmc/dmc_cin_race-gameplay.mp4	apps/client/src/data/dmcAssets.ts
200	https://dgrsart.s3.us-east-2.amazonaws.com/cdn/client-public/videos/dmc/dmc_cin_severance-podium.mp4	apps/client/src/data/dmcAssets.ts
200	https://dgrsart.s3.us-east-2.amazonaws.com/cdn/client-public/videos/dmc/dmc_cin_nilmorg-lipsync.mp4	apps/client/src/data/dmcAssets.ts
200	https://dgrsart.s3.us-east-2.amazonaws.com/cdn/client-public/videos/dmc/dmc_cin_signal-lost-v2.mp4	apps/client/src/data/dmcAssets.ts
200	https://dgrsart.s3.us-east-2.amazonaws.com/cdn/client-public/videos/dmc/dmc_cin_nilmorg-chair.mp4	apps/client/src/data/dmcAssets.ts
200	https://dgrsart.s3.us-east-2.amazonaws.com/cdn/client-public/art/dmc/keyframes/cin02_end.png	apps/client/src/data/dmcAssets.ts
200	https://dgrsart.s3.us-east-2.amazonaws.com/cdn/client-public/art/dmc/keyframes/cin04_end.png	apps/client/src/data/dmcAssets.ts
200	https://dgrsart.s3.us-east-2.amazonaws.com/cdn/client-public/art/dmc/keyframes/cin01_end.png	apps/client/src/data/dmcAssets.ts
200	https://dgrsart.s3.us-east-2.amazonaws.com/cdn/client-public/art/dmc/keyframes/cin05_end.png	apps/client/src/data/dmcAssets.ts
200	https://dgrsart.s3.us-east-2.amazonaws.com/cdn/client-public/art/dmc/keyframes/cin03_end.png	apps/client/src/data/dmcAssets.ts
200	https://dgrsart.s3.us-east-2.amazonaws.com/cdn/client-public/art/dmc/keyframes/cin06_end.png	apps/client/src/data/dmcAssets.ts
403	https://dgrsart.s3.us-east-2.amazonaws.com/cdn/client-public/art/dmc/environments/	apps/client/src/data/dmcAssets.ts
403	https://dgrsart.s3.us-east-2.amazonaws.com/cdn/client-public/music/dmc/	apps/client/src/data/dmcAssets.ts
403	https://dgrsart.s3.us-east-2.amazonaws.com/cdn/client-public/videos/dmc/	apps/client/src/data/dmcAssets.ts
200	https://dgrsart.s3.us-east-2.amazonaws.com/cdn/client-public/art/soul-stones/soul-stone-violet.png	apps/client/src/data/nanobanna2Assets.ts
403	https://dgrsart.s3.us-east-2.amazonaws.com/cdn/client-public/art/dmc/keyframes/	apps/client/src/data/dmcAssets.ts
200	https://dgrsart.s3.us-east-2.amazonaws.com/cdn/client-public/art/mechronis/environments/mechronis_graduation.jpg	apps/client/src/data/mechronisSlideshow.ts
403	https://dgrsart.s3.us-east-2.amazonaws.com/cdn/client-public/audio/music/mechronis/to-be-the-human.mp3	apps/client/src/data/mechronisSlideshow.ts
200	https://dgrsart.s3.us-east-2.amazonaws.com/cdn/client-public/art/mechronis/environments/mechronis_classroom.jpg	apps/client/src/data/mechronisSlideshow.ts
200	https://dgrsart.s3.us-east-2.amazonaws.com/cdn/client-public/art/soul-stones/soul-stone-red.png	apps/client/src/data/nanobanna2Assets.ts
200	https://dgrsart.s3.us-east-2.amazonaws.com/cdn/client-public/art/strain/strain-norm-frag.png	apps/client/src/data/nanobanna2Assets.ts
200	https://dgrsart.s3.us-east-2.amazonaws.com/cdn/client-public/art/soul-stones/soul-stone-gold.png	apps/client/src/data/nanobanna2Assets.ts
200	https://dgrsart.s3.us-east-2.amazonaws.com/cdn/client-public/art/strain/strain-norm-asc.png	apps/client/src/data/nanobanna2Assets.ts
200	https://dgrsart.s3.us-east-2.amazonaws.com/cdn/client-public/art/strain/strain-norm-comp.png	apps/client/src/data/nanobanna2Assets.ts
200	https://dgrsart.s3.us-east-2.amazonaws.com/cdn/client-public/art/strain/strain-hier-frag.png	apps/client/src/data/nanobanna2Assets.ts
200	https://dgrsart.s3.us-east-2.amazonaws.com/cdn/client-public/art/strain/strain-hier-comp.png	apps/client/src/data/nanobanna2Assets.ts
200	https://dgrsart.s3.us-east-2.amazonaws.com/cdn/client-public/art/strain/strain-hier-asc.png	apps/client/src/data/nanobanna2Assets.ts
200	https://dgrsart.s3.us-east-2.amazonaws.com/cdn/client-public/art/strain/strain-dream-comp.png	apps/client/src/data/nanobanna2Assets.ts
200	https://dgrsart.s3.us-east-2.amazonaws.com/cdn/client-public/art/strain/strain-dream-frag.png	apps/client/src/data/nanobanna2Assets.ts
200	https://dgrsart.s3.us-east-2.amazonaws.com/cdn/client-public/art/strain/strain-scar-comp.png	apps/client/src/data/nanobanna2Assets.ts
200	https://dgrsart.s3.us-east-2.amazonaws.com/cdn/client-public/art/strain/strain-scar-frag.png	apps/client/src/data/nanobanna2Assets.ts
200	https://dgrsart.s3.us-east-2.amazonaws.com/cdn/client-public/art/strain/strain-dream-asc.png	apps/client/src/data/nanobanna2Assets.ts
200	https://dgrsart.s3.us-east-2.amazonaws.com/cdn/client-public/art/strain/strain-scar-asc.png	apps/client/src/data/nanobanna2Assets.ts
200	https://dgrsart.s3.us-east-2.amazonaws.com/cdn/client-public/art/spectral/spectral-auros.png	apps/client/src/data/nanobanna2Assets.ts
200	https://dgrsart.s3.us-east-2.amazonaws.com/cdn/client-public/art/spectral/spectral-cog.png	apps/client/src/data/nanobanna2Assets.ts
200	https://dgrsart.s3.us-east-2.amazonaws.com/cdn/client-public/art/spectral/spectral-nyx.png	apps/client/src/data/nanobanna2Assets.ts
200	https://dgrsart.s3.us-east-2.amazonaws.com/cdn/client-public/art/spectral/spectral-toxis.png	apps/client/src/data/nanobanna2Assets.ts
200	https://dgrsart.s3.us-east-2.amazonaws.com/cdn/client-public/art/spectral/spectral-sibyl.png	apps/client/src/data/nanobanna2Assets.ts
200	https://dgrsart.s3.us-east-2.amazonaws.com/cdn/client-public/art/spectral/spectral-echo.png	apps/client/src/data/nanobanna2Assets.ts
200	https://dgrsart.s3.us-east-2.amazonaws.com/cdn/client-public/art/spectral/spectral-glyph.png	apps/client/src/data/nanobanna2Assets.ts
200	https://dgrsart.s3.us-east-2.amazonaws.com/cdn/client-public/art/spectral/spectral-lux.png	apps/client/src/data/nanobanna2Assets.ts
200	https://dgrsart.s3.us-east-2.amazonaws.com/cdn/client-public/art/spectral/spectral-flicker.png	apps/client/src/data/nanobanna2Assets.ts
200	https://dgrsart.s3.us-east-2.amazonaws.com/cdn/client-public/art/spectral/spectral-cipher.png	apps/client/src/data/nanobanna2Assets.ts
200	https://dgrsart.s3.us-east-2.amazonaws.com/cdn/client-public/art/spectral/spectral-gilt.png	apps/client/src/data/nanobanna2Assets.ts
200	https://dgrsart.s3.us-east-2.amazonaws.com/cdn/client-public/art/spectral/spectral-spore.png	apps/client/src/data/nanobanna2Assets.ts
200	https://dgrsart.s3.us-east-2.amazonaws.com/cdn/client-public/art/spectral/spectral-strain.png	apps/client/src/data/nanobanna2Assets.ts
200	https://dgrsart.s3.us-east-2.amazonaws.com/cdn/client-public/art/specimens/dischordian-first-word.png	apps/client/src/data/nanobanna2Assets.ts
200	https://dgrsart.s3.us-east-2.amazonaws.com/cdn/client-public/art/specimens/dischordian-witness.png	apps/client/src/data/nanobanna2Assets.ts
200	https://dgrsart.s3.us-east-2.amazonaws.com/cdn/client-public/art/rooms/room-purification-chamber.png	apps/client/src/data/nanobanna2Assets.ts
200	https://dgrsart.s3.us-east-2.amazonaws.com/cdn/client-public/art/rooms/room-memorial-chamber.png	apps/client/src/data/nanobanna2Assets.ts
200	https://dgrsart.s3.us-east-2.amazonaws.com/cdn/client-public/art/specimens/dischordian-paradox.png	apps/client/src/data/nanobanna2Assets.ts
200	https://dgrsart.s3.us-east-2.amazonaws.com/cdn/client-public/art/rooms/room-summoning-chamber.png	apps/client/src/data/nanobanna2Assets.ts
200	https://dgrsart.s3.us-east-2.amazonaws.com/cdn/client-public/art/vfx/vfx-fusion-auros.png	apps/client/src/data/nanobanna2Assets.ts
200	https://dgrsart.s3.us-east-2.amazonaws.com/cdn/client-public/art/vfx/vfx-fusion-nyx.png	apps/client/src/data/nanobanna2Assets.ts
200	https://dgrsart.s3.us-east-2.amazonaws.com/cdn/client-public/art/vfx/vfx-fusion-cog.png	apps/client/src/data/nanobanna2Assets.ts
200	https://dgrsart.s3.us-east-2.amazonaws.com/cdn/client-public/art/vfx/vfx-fusion-sibyl.png	apps/client/src/data/nanobanna2Assets.ts
200	https://dgrsart.s3.us-east-2.amazonaws.com/cdn/client-public/art/vfx/vfx-fusion-toxis.png	apps/client/src/data/nanobanna2Assets.ts
200	https://dgrsart.s3.us-east-2.amazonaws.com/cdn/client-public/art/vfx/vfx-fusion-lux.png	apps/client/src/data/nanobanna2Assets.ts
200	https://dgrsart.s3.us-east-2.amazonaws.com/cdn/client-public/art/vfx/vfx-fusion-echo.png	apps/client/src/data/nanobanna2Assets.ts
200	https://dgrsart.s3.us-east-2.amazonaws.com/cdn/client-public/art/vfx/vfx-fusion-glyph.png	apps/client/src/data/nanobanna2Assets.ts
200	https://dgrsart.s3.us-east-2.amazonaws.com/cdn/client-public/art/vfx/vfx-fusion-gilt.png	apps/client/src/data/nanobanna2Assets.ts
200	https://dgrsart.s3.us-east-2.amazonaws.com/cdn/client-public/art/vfx/vfx-fusion-cipher.png	apps/client/src/data/nanobanna2Assets.ts
200	https://dgrsart.s3.us-east-2.amazonaws.com/cdn/client-public/art/vfx/vfx-fusion-strain.png	apps/client/src/data/nanobanna2Assets.ts
200	https://dgrsart.s3.us-east-2.amazonaws.com/cdn/client-public/art/vfx/vfx-fusion-flicker.png	apps/client/src/data/nanobanna2Assets.ts
200	https://dgrsart.s3.us-east-2.amazonaws.com/cdn/client-public/art/vfx/vfx-thread-lux.png	apps/client/src/data/nanobanna2Assets.ts
200	https://dgrsart.s3.us-east-2.amazonaws.com/cdn/client-public/art/vfx/vfx-thread-echo.png	apps/client/src/data/nanobanna2Assets.ts
200	https://dgrsart.s3.us-east-2.amazonaws.com/cdn/client-public/art/vfx/vfx-thread-cipher.png	apps/client/src/data/nanobanna2Assets.ts
200	https://dgrsart.s3.us-east-2.amazonaws.com/cdn/client-public/art/vfx/vfx-thread-glyph.png	apps/client/src/data/nanobanna2Assets.ts
200	https://dgrsart.s3.us-east-2.amazonaws.com/cdn/client-public/art/vfx/vfx-thread-flicker.png	apps/client/src/data/nanobanna2Assets.ts
200	https://dgrsart.s3.us-east-2.amazonaws.com/cdn/client-public/art/vfx/vfx-thread-gilt.png	apps/client/src/data/nanobanna2Assets.ts
403	https://dgrsart.s3.us-east-2.amazonaws.com/cdn/client-public/art/soul-stones/	apps/client/src/data/nanobanna2Assets.ts
403	https://dgrsart.s3.us-east-2.amazonaws.com/cdn/client-public/art/specimens/	apps/client/src/data/nanobanna2Assets.ts
403	https://dgrsart.s3.us-east-2.amazonaws.com/cdn/client-public/art/eidolons/	apps/client/src/data/nanobanna2Assets.ts
403	https://dgrsart.s3.us-east-2.amazonaws.com/cdn/client-public/art/spectral/	apps/client/src/data/nanobanna2Assets.ts
403	https://dgrsart.s3.us-east-2.amazonaws.com/cdn/client-public/art/strain/	apps/client/src/data/nanobanna2Assets.ts
403	https://dgrsart.s3.us-east-2.amazonaws.com/cdn/client-public/art/rooms/	apps/client/src/data/nanobanna2Assets.ts
200	https://dgrsart.s3.us-east-2.amazonaws.com/cdn/client-public/art/empty-states/empty-quest-log.png	apps/client/src/data/optionalComponentAssets.ts
403	https://dgrsart.s3.us-east-2.amazonaws.com/cdn/client-public/art/vfx/	apps/client/src/data/nanobanna2Assets.ts
200	https://dgrsart.s3.us-east-2.amazonaws.com/cdn/client-public/art/empty-states/empty-inventory.png	apps/client/src/data/optionalComponentAssets.ts
200	https://dgrsart.s3.us-east-2.amazonaws.com/cdn/client-public/art/empty-states/empty-guild-hall.png	apps/client/src/data/optionalComponentAssets.ts
200	https://dgrsart.s3.us-east-2.amazonaws.com/cdn/client-public/art/empty-states/empty-card-collection.png	apps/client/src/data/optionalComponentAssets.ts
200	https://dgrsart.s3.us-east-2.amazonaws.com/cdn/client-public/art/empty-states/empty-lore-journal.png	apps/client/src/data/optionalComponentAssets.ts
200	https://dgrsart.s3.us-east-2.amazonaws.com/cdn/client-public/art/empty-states/empty-match-history.png	apps/client/src/data/optionalComponentAssets.ts
200	https://dgrsart.s3.us-east-2.amazonaws.com/cdn/client-public/art/empty-states/empty-pet-collection.png	apps/client/src/data/optionalComponentAssets.ts
200	https://dgrsart.s3.us-east-2.amazonaws.com/cdn/client-public/art/empty-states/empty-companions.png	apps/client/src/data/optionalComponentAssets.ts
200	https://dgrsart.s3.us-east-2.amazonaws.com/cdn/client-public/art/empty-states/empty-notifications.png	apps/client/src/data/optionalComponentAssets.ts
200	https://dgrsart.s3.us-east-2.amazonaws.com/cdn/client-public/art/empty-states/empty-achievements.png	apps/client/src/data/optionalComponentAssets.ts
200	https://dgrsart.s3.us-east-2.amazonaws.com/cdn/client-public/art/empty-states/empty-trade-history.png	apps/client/src/data/optionalComponentAssets.ts
200	https://dgrsart.s3.us-east-2.amazonaws.com/cdn/client-public/art/empty-states/empty-apprentices.png	apps/client/src/data/optionalComponentAssets.ts
200	https://dgrsart.s3.us-east-2.amazonaws.com/cdn/client-public/art/empty-states/empty-leaderboard.png	apps/client/src/data/optionalComponentAssets.ts
200	https://dgrsart.s3.us-east-2.amazonaws.com/cdn/client-public/art/seasonal/event-shadow-convergence.jpg	apps/client/src/data/optionalComponentAssets.ts
200	https://dgrsart.s3.us-east-2.amazonaws.com/cdn/client-public/art/seasonal/broadcast-frame.png	apps/client/src/data/optionalComponentAssets.ts
200	https://dgrsart.s3.us-east-2.amazonaws.com/cdn/client-public/art/seasonal/event-panopticon-infiltration.jpg	apps/client/src/data/optionalComponentAssets.ts
200	https://dgrsart.s3.us-east-2.amazonaws.com/cdn/client-public/art/seasonal/event-chrono-harvest.jpg	apps/client/src/data/optionalComponentAssets.ts
200	https://dgrsart.s3.us-east-2.amazonaws.com/cdn/client-public/art/seasonal/event-lore-symposium.jpg	apps/client/src/data/optionalComponentAssets.ts
200	https://dgrsart.s3.us-east-2.amazonaws.com/cdn/client-public/art/seasonal/event-forge-of-nations.jpg	apps/client/src/data/optionalComponentAssets.ts
200	https://dgrsart.s3.us-east-2.amazonaws.com/cdn/client-public/art/seasonal/event-fall-of-reality.jpg	apps/client/src/data/optionalComponentAssets.ts
200	https://dgrsart.s3.us-east-2.amazonaws.com/cdn/client-public/art/seasonal/event-guild-war-tournament.jpg	apps/client/src/data/optionalComponentAssets.ts
200	https://dgrsart.s3.us-east-2.amazonaws.com/cdn/client-public/art/roadmap/faction-architect-seal.png	apps/client/src/data/optionalComponentAssets.ts
200	https://dgrsart.s3.us-east-2.amazonaws.com/cdn/client-public/art/roadmap/season-echoes-of-the-architect.jpg	apps/client/src/data/optionalComponentAssets.ts
200	https://dgrsart.s3.us-east-2.amazonaws.com/cdn/client-public/art/story-icons/ch1-awakening.png	apps/client/src/data/optionalComponentAssets.ts
200	https://dgrsart.s3.us-east-2.amazonaws.com/cdn/client-public/art/roadmap/season-warlords-return.jpg	apps/client/src/data/optionalComponentAssets.ts
200	https://dgrsart.s3.us-east-2.amazonaws.com/cdn/client-public/art/story-icons/ch2-first-contact.png	apps/client/src/data/optionalComponentAssets.ts
200	https://dgrsart.s3.us-east-2.amazonaws.com/cdn/client-public/art/roadmap/faction-warlord-crest.png	apps/client/src/data/optionalComponentAssets.ts
200	https://dgrsart.s3.us-east-2.amazonaws.com/cdn/client-public/art/story-icons/ch3-the-infection.png	apps/client/src/data/optionalComponentAssets.ts
200	https://dgrsart.s3.us-east-2.amazonaws.com/cdn/client-public/art/story-icons/ch4-breaking-point.png	apps/client/src/data/optionalComponentAssets.ts
200	https://dgrsart.s3.us-east-2.amazonaws.com/cdn/client-public/art/story-icons/ch5-war.png	apps/client/src/data/optionalComponentAssets.ts
200	https://dgrsart.s3.us-east-2.amazonaws.com/cdn/client-public/art/story-icons/epoch-age-of-privacy.png	apps/client/src/data/optionalComponentAssets.ts
200	https://dgrsart.s3.us-east-2.amazonaws.com/cdn/client-public/art/story-icons/ch6-resolution.png	apps/client/src/data/optionalComponentAssets.ts
200	https://dgrsart.s3.us-east-2.amazonaws.com/cdn/client-public/art/lore-gallery/card-frames/common-hires.png	apps/client/src/data/optionalComponentAssets.ts
200	https://dgrsart.s3.us-east-2.amazonaws.com/cdn/client-public/art/story-icons/epoch-fall-of-reality.png	apps/client/src/data/optionalComponentAssets.ts
200	https://dgrsart.s3.us-east-2.amazonaws.com/cdn/client-public/art/story-icons/epoch-dischordian-war.png	apps/client/src/data/optionalComponentAssets.ts
200	https://dgrsart.s3.us-east-2.amazonaws.com/cdn/client-public/art/lore-gallery/card-frames/uncommon-hires.png	apps/client/src/data/optionalComponentAssets.ts
200	https://dgrsart.s3.us-east-2.amazonaws.com/cdn/client-public/art/lore-gallery/card-frames/rare-hires.png	apps/client/src/data/optionalComponentAssets.ts
200	https://dgrsart.s3.us-east-2.amazonaws.com/cdn/client-public/art/lore-gallery/card-frames/legendary-hires.png	apps/client/src/data/optionalComponentAssets.ts
200	https://dgrsart.s3.us-east-2.amazonaws.com/cdn/client-public/art/lore-gallery/overlays/locked-classified-hires.png	apps/client/src/data/optionalComponentAssets.ts
403	https://dgrsart.s3.us-east-2.amazonaws.com/cdn/client-public/art/empty-states/	apps/client/src/data/optionalComponentAssets.ts
200	https://dgrsart.s3.us-east-2.amazonaws.com/cdn/client-public/art/lore-gallery/card-frames/epic-hires.png	apps/client/src/data/optionalComponentAssets.ts
403	https://dgrsart.s3.us-east-2.amazonaws.com/cdn/client-public/art/seasonal/	apps/client/src/data/optionalComponentAssets.ts
403	https://dgrsart.s3.us-east-2.amazonaws.com/cdn/client-public/art/roadmap/	apps/client/src/data/optionalComponentAssets.ts
403	https://dgrsart.s3.us-east-2.amazonaws.com/cdn/client-public/art/story-icons/	apps/client/src/data/optionalComponentAssets.ts
403	https://dgrsart.s3.us-east-2.amazonaws.com/cdn/client-public/art/lore-gallery/	apps/client/src/data/optionalComponentAssets.ts
200	https://dgrsart.s3.us-east-2.amazonaws.com/cdn/client-public/art/terminus/cinematics/cin01_end.png	apps/client/src/data/terminusCinematicAssets.ts
200	https://dgrsart.s3.us-east-2.amazonaws.com/cdn/client-public/art/terminus/cinematics/cin03_end.png	apps/client/src/data/terminusCinematicAssets.ts
200	https://dgrsart.s3.us-east-2.amazonaws.com/cdn/client-public/art/terminus/cinematics/cin04_end.png	apps/client/src/data/terminusCinematicAssets.ts
403	https://dgrsart.s3.us-east-2.amazonaws.com/cdn/client-public/videos/prelude/prelude-beat-a-awakening.mp4	apps/client/src/data/preludeAct1Deliverables.ts
200	https://dgrsart.s3.us-east-2.amazonaws.com/cdn/client-public/art/terminus/cinematics/cin02_end.png	apps/client/src/data/terminusCinematicAssets.ts
200	https://dgrsart.s3.us-east-2.amazonaws.com/cdn/client-public/art/terminus/cinematics/cin05_end.png	apps/client/src/data/terminusCinematicAssets.ts
403	https://dgrsart.s3.us-east-2.amazonaws.com/cdn/client-public/art/terminus/cinematics/	apps/client/src/data/terminusCinematicAssets.ts
403	https://dgrsart.s3.us-east-2.amazonaws.com/cdn/client-public/videos/prelude/prelude-beat-b-iris-open.mp4	apps/client/src/data/preludeAct1Deliverables.ts
403	https://dgrsart.s3.us-east-2.amazonaws.com/cdn/client-public/videos/prelude/prelude-beat-c5-palm-frost.mp4	apps/client/src/data/preludeAct1Deliverables.ts
403	https://dgrsart.s3.us-east-2.amazonaws.com/cdn/client-public/videos/prelude/prelude-beat-d-cargo.mp4	apps/client/src/data/preludeAct1Deliverables.ts
403	https://dgrsart.s3.us-east-2.amazonaws.com/cdn/client-public/videos/prelude/prelude-beat-g-observation.mp4	apps/client/src/data/preludeAct1Deliverables.ts
403	https://dgrsart.s3.us-east-2.amazonaws.com/cdn/client-public/videos/prelude/prelude-beat-e-medbay.mp4	apps/client/src/data/preludeAct1Deliverables.ts
403	https://dgrsart.s3.us-east-2.amazonaws.com/cdn/client-public/videos/prelude/prelude-beat-f-briefing.mp4	apps/client/src/data/preludeAct1Deliverables.ts
403	https://dgrsart.s3.us-east-2.amazonaws.com/cdn/client-public/videos/prelude/prelude-beat-j-finale.mp4	apps/client/src/data/preludeAct1Deliverables.ts
403	https://dgrsart.s3.us-east-2.amazonaws.com/cdn/client-public/art/vfx/prelude/cryo-frost-retreat.mp4	apps/client/src/data/preludeAct1Deliverables.ts
403	https://dgrsart.s3.us-east-2.amazonaws.com/cdn/client-public/art/vfx/prelude/hologram-materialize.mp4	apps/client/src/data/preludeAct1Deliverables.ts
403	https://dgrsart.s3.us-east-2.amazonaws.com/cdn/client-public/art/vfx/prelude/pod-hatch-cryogas.mp4	apps/client/src/data/preludeAct1Deliverables.ts
403	https://dgrsart.s3.us-east-2.amazonaws.com/cdn/client-public/art/rooms/prelude/room-briefing-room.png	apps/client/src/data/preludeAct1Deliverables.ts
403	https://dgrsart.s3.us-east-2.amazonaws.com/cdn/client-public/art/vfx/prelude/sepia-drain.mp4	apps/client/src/data/preludeAct1Deliverables.ts
403	https://dgrsart.s3.us-east-2.amazonaws.com/cdn/client-public/art/rooms/prelude/room-comms-array.png	apps/client/src/data/preludeAct1Deliverables.ts
403	https://dgrsart.s3.us-east-2.amazonaws.com/cdn/client-public/audio/prelude/prelude-ambient-ship.mp3	apps/client/src/data/preludeAct1Deliverables.ts
403	https://dgrsart.s3.us-east-2.amazonaws.com/cdn/client-public/videos/act1/act1-tavern-arrival.mp4	apps/client/src/data/preludeAct1Deliverables.ts
403	https://dgrsart.s3.us-east-2.amazonaws.com/cdn/client-public/videos/act1/act1-arena-challenge.mp4	apps/client/src/data/preludeAct1Deliverables.ts
403	https://dgrsart.s3.us-east-2.amazonaws.com/cdn/client-public/audio/act1/act1-arena-battle.mp3	apps/client/src/data/preludeAct1Deliverables.ts
403	https://dgrsart.s3.us-east-2.amazonaws.com/cdn/client-public/audio/act1/act1-tavern-ambient.mp3	apps/client/src/data/preludeAct1Deliverables.ts
403	https://dgrsart.s3.us-east-2.amazonaws.com/cdn/client-public/audio/act1/act1-council-tension.mp3	apps/client/src/data/preludeAct1Deliverables.ts
200	https://dgrsart.s3.us-east-2.amazonaws.com/cdn/client-public/art/specimens/lux-fragment.png	apps/client/src/game/CompanionSelectionScene.tsx
200	https://dgrsart.s3.us-east-2.amazonaws.com/cdn/client-public/art/specimens/cipher-fragment.png	apps/client/src/game/CompanionSelectionScene.tsx
403	https://dgrsart.s3.us-east-2.amazonaws.com/cdn/client-public/art/specimens/auros-fragment.png	apps/client/src/game/CompanionSelectionScene.tsx
200	https://dgrsart.s3.us-east-2.amazonaws.com/cdn/client-public/art/specimens/gilt-fragment.png	apps/client/src/game/CompanionSelectionScene.tsx
403	https://dgrsart.s3.us-east-2.amazonaws.com/cdn/client-public/art/specimens/strain-fragment.png	apps/client/src/game/CompanionSelectionScene.tsx
403	https://dgrsart.s3.us-east-2.amazonaws.com/cdn/client-public/art/specimens/sibyl-fragment.png	apps/client/src/game/CompanionSelectionScene.tsx
403	https://dgrsart.s3.us-east-2.amazonaws.com/cdn/client-public/art/specimens/nyx-fragment.png	apps/client/src/game/CompanionSelectionScene.tsx
403	https://dgrsart.s3.us-east-2.amazonaws.com/cdn/client-public/art/specimens/cog-fragment.png	apps/client/src/game/CompanionSelectionScene.tsx
200	https://dgrsart.s3.us-east-2.amazonaws.com/cdn/client-public/art/special-maps/special-gamemasters-coliseum.png	apps/client/src/game/GamemastersArena.tsx
200	https://dgrsart.s3.us-east-2.amazonaws.com/cdn/client-public/art/minigames/minigame-signal-decryption.png	apps/client/src/game/SignalDecryption.tsx
200	https://dgrsart.s3.us-east-2.amazonaws.com/cdn/client-public/art/special-maps/special-thaloria-debate-stage.png	apps/client/src/game/PalimpsestEpisodesPage.tsx
200	https://dgrsart.s3.us-east-2.amazonaws.com/cdn/client-public/art/constellations/constellation-architects-eye.png	apps/client/src/game/StarChart.tsx
200	https://dgrsart.s3.us-east-2.amazonaws.com/cdn/client-public/art/constellations/constellation-kaels-chain.png	apps/client/src/game/StarChart.tsx
200	https://dgrsart.s3.us-east-2.amazonaws.com/cdn/client-public/art/constellations/constellation-two-witnesses.png	apps/client/src/game/StarChart.tsx
200	https://dgrsart.s3.us-east-2.amazonaws.com/cdn/client-public/art/constellations/constellation-iron-lions-shield.png	apps/client/src/game/StarChart.tsx
403	https://dgrsart.s3.us-east-2.amazonaws.com/cdn/client-public/art/fighters/enigma	apps/client/src/game/spriteSheetConfig.ts
403	https://dgrsart.s3.us-east-2.amazonaws.com/cdn/client-public/art/fighters/architect	apps/client/src/game/spriteSheetConfig.ts
200	https://dgrsart.s3.us-east-2.amazonaws.com/cdn/client-public/art/gears/gear-01-copper-xs.png	apps/client/src/game/terminus-swarm/HanoiPuzzle.tsx
200	https://dgrsart.s3.us-east-2.amazonaws.com/cdn/client-public/art/gears/gear-02-bronze-sm.png	apps/client/src/game/terminus-swarm/HanoiPuzzle.tsx
200	https://dgrsart.s3.us-east-2.amazonaws.com/cdn/client-public/art/gears/gear-05-gold-xl.png	apps/client/src/game/terminus-swarm/HanoiPuzzle.tsx
200	https://dgrsart.s3.us-east-2.amazonaws.com/cdn/client-public/art/gears/gear-03-iron-md.png	apps/client/src/game/terminus-swarm/HanoiPuzzle.tsx
200	https://dgrsart.s3.us-east-2.amazonaws.com/cdn/client-public/art/terminus/enemies/undead-grub.png	apps/client/src/game/terminus-swarm/TerminusSwarmPage.tsx
200	https://dgrsart.s3.us-east-2.amazonaws.com/cdn/client-public/art/terminus/enemies/infected-spore.png	apps/client/src/game/terminus-swarm/TerminusSwarmPage.tsx
200	https://dgrsart.s3.us-east-2.amazonaws.com/cdn/client-public/art/terminus/enemies/corrupt-mantis.png	apps/client/src/game/terminus-swarm/TerminusSwarmPage.tsx
200	https://dgrsart.s3.us-east-2.amazonaws.com/cdn/client-public/art/terminus/enemies/neural-parasite.png	apps/client/src/game/terminus-swarm/TerminusSwarmPage.tsx
200	https://dgrsart.s3.us-east-2.amazonaws.com/cdn/client-public/art/terminus/enemies/hive-tyrant.png	apps/client/src/game/terminus-swarm/TerminusSwarmPage.tsx
200	https://dgrsart.s3.us-east-2.amazonaws.com/cdn/client-public/art/terminus/enemies/swarm-queen.png	apps/client/src/game/terminus-swarm/TerminusSwarmPage.tsx
200	https://dgrsart.s3.us-east-2.amazonaws.com/cdn/client-public/art/terminus/enemies/avatar-source.png	apps/client/src/game/terminus-swarm/TerminusSwarmPage.tsx
200	https://dgrsart.s3.us-east-2.amazonaws.com/cdn/client-public/art/terminus/turrets/shield-pylon.png	apps/client/src/game/terminus-swarm/TerminusSwarmPage.tsx
200	https://dgrsart.s3.us-east-2.amazonaws.com/cdn/client-public/art/terminus/turrets/missile-battery.png	apps/client/src/game/terminus-swarm/TerminusSwarmPage.tsx
200	https://dgrsart.s3.us-east-2.amazonaws.com/cdn/client-public/art/terminus/turrets/emp-mine.png	apps/client/src/game/terminus-swarm/TerminusSwarmPage.tsx
200	https://dgrsart.s3.us-east-2.amazonaws.com/cdn/client-public/videos/game-modes/tower-defense/cin03_hive_tyrant_intro.mp4	apps/client/src/game/terminus-swarm/TerminusSwarmPage.tsx
200	https://dgrsart.s3.us-east-2.amazonaws.com/cdn/client-public/videos/game-modes/tower-defense/cin01_comms_room_discovery.mp4	apps/client/src/game/terminus-swarm/TerminusSwarmPage.tsx
200	https://dgrsart.s3.us-east-2.amazonaws.com/cdn/client-public/art/terminus/maps/terminus-planet.png	apps/client/src/game/terminus-swarm/TerminusSwarmPage.tsx
200	https://dgrsart.s3.us-east-2.amazonaws.com/cdn/client-public/art/terminus/maps/map-reactor-core.png	apps/client/src/game/terminus-swarm/definitions.ts
200	https://dgrsart.s3.us-east-2.amazonaws.com/cdn/client-public/art/planets/planet-terminus.png	apps/client/src/game/tradeEmpire.ts
200	https://dgrsart.s3.us-east-2.amazonaws.com/cdn/client-public/art/planets/planet-degens-casino.png	apps/client/src/game/tradeEmpire.ts
200	https://dgrsart.s3.us-east-2.amazonaws.com/cdn/client-public/characters/minnie/viseme.avif	apps/client/src/game/characterSprites.ts
200	https://dgrsart.s3.us-east-2.amazonaws.com/cdn/client-public/characters/minnie/breathing.avif	apps/client/src/game/characterSprites.ts
200	https://dgrsart.s3.us-east-2.amazonaws.com/cdn/client-public/characters/minnie/blink.avif	apps/client/src/game/characterSprites.ts
200	https://dgrsart.s3.us-east-2.amazonaws.com/cdn/client-public/characters/minnie/expressions.avif	apps/client/src/game/characterSprites.ts
403	https://dgrsart.s3.us-east-2.amazonaws.com/cdn/client-public/art/rooms/mystery-states	apps/client/src/game/roomStateAssets.ts
200	https://dgrsart.s3.us-east-2.amazonaws.com/cdn/client-public/art/arenas/arena-default.jpg	apps/client/src/lib/assetPreloader.ts
ERR	https://dgrsart.s3.us-east-2.amazonaws.com/cdn/client-public/${m[2]}	apps/scripts/rewrite-asset-refs.ts
ERR	https://dgrsart.s3.us-east-2.amazonaws.com/cdn/client-public/${m[3]}	apps/scripts/rewrite-asset-refs.ts
